segment_id,betweenness,closeness,match_dist
10212156_3230468711_3230468679_0,0.0027771518737672585,8.477479447029836e-05,0.0
10212156_84498975_3230468711_0,0.0030319526627218935,8.524539244166482e-05,0.0
1026628835_9465394813_9465394812_0,1.26232741617357e-06,8.850210042336755e-05,0.0
1026628845_9465414940_9465394813_0,0.0020432347140039446,8.864321357290232e-05,0.0
1026662440_84500194_5430892382_0,0.040244607495069036,9.068507047952626e-05,0.0
1028948537_257882108_1281134777_0,0.0025899487179487177,8.422348042017814e-05,0.0
1029488856_1859271735_79765078_0,0.0022761656804733727,8.073228972526469e-05,0.0
1035036958_9534356358_9534356357_0,0.0,8.757150191289036e-05,0.0
1042580718_6248840379_3362956374_0,1.5747534516765285e-05,8.478063296608166e-05,0.0
1044737640_260681136_270390848_0,0.014297846153846154,9.254119645602635e-05,0.0
1046149860_9620737543_9620737544_0,0.02001063510848126,8.733238594102425e-05,0.0
1047831717_7290888474_7290888471_0,0.06749080867850099,8.667482397996335e-05,0.0
1049817695_9647562108_9647562112_0,0.006037428007889547,5.847363057120999e-05,0.0
1049838136_5558222260_9647981799_0,8.609072978303748e-05,5.7957837441115484e-05,0.0
1057952919_79424408_79424401_0,0.021219660749506902,8.575335469801905e-05,0.0
1090138923_4071283360_1859311208_0,2.0071005917159762e-05,7.333037533814208e-05,2.257601934485599e-05
1098992313_1282152286_7048215702_0,0.006204717948717949,9.137977136159857e-05,0.0
110155983_9568879971_1780498170_0,0.014247321499013806,7.68102422474318e-05,0.0
110156004_7663184256_79765084_0,0.0011355581854043393,7.87178806239011e-05,0.0
110156004_79765078_4993723417_0,0.0019453412228796845,8.063942438777518e-05,0.0
110163881_5439033434_257677223_0,0.0060432662721893494,8.931072365166214e-05,0.0
110163899_270390844_256554279_0,0.00788616962524655,9.119451124134831e-05,0.0
110163913_257094406_1930115939_0,0.0029700986193293886,9.1580650604687e-05,0.0
110163913_270390846_257094446_0,0.0029553293885601576,9.217699587488575e-05,0.0
110163914_257880463_5460930072_0,0.017196244575936884,8.051256723535754e-05,0.0
110163914_257880464_5466182940_0,0.017233199211045366,8.068246512461689e-05,0.0
110163917_3485064598_2087459610_0,7.021696252465483e-05,7.75435021377812e-05,0.0
110164092_7284256421_5582052858_0,0.006414642998027614,8.74564776980268e-05,0.0
1118301401_5614853167_4019015940_0,0.0057484812623274165,6.721420623056874e-05,0.0
1118553971_3417610697_6836925547_0,0.019314587771203155,8.521906429982432e-05,0.0
1123504108_5663526933_5663526932_0,1.603155818540434e-05,4.974826800143006e-05,0.0
112660802_5460869895_1884000983_0,0.0002112189349112426,9.153998189803143e-05,0.0
112660810_1734855099_5428573840_0,0.003937988165680474,8.755976129085827e-05,0.0
112660810_2355887054_1280100555_0,0.009442366863905325,8.92315038902644e-05,0.0
112660812_7611849602_3038437132_0,0.008906729783037476,8.996102748717894e-05,0.0
112662273_1280109843_1280109829_0,0.0029185641025641024,9.172181975014056e-05,0.0
112669191_79770414_1280164912_0,0.015374169625246549,9.223420544847373e-05,9.48648338805625e-06
112669193_11527300070_1280164930_0,0.0031072820512820514,8.891928044772317e-05,0.0
112669217_1280164991_1280164972_0,3.282051282051282e-06,8.876501587999099e-05,0.0
1127463534_7287584991_257882108_0,0.019280852071005918,8.392189733401558e-05,0.0
1127463536_79426033_7287584991_0,0.0009163234714003944,8.386966297699852e-05,0.0
1127463896_493234087_7287499842_0,0.0,8.343082892863391e-05,0.0
112765602_1281065546_1281065715_0,0.0014775542406311637,8.892583960080168e-05,0.0
112765602_1281065715_1281065546_0,0.0014775542406311637,8.892583960080168e-05,0.0
112765602_1281065811_3419911233_0,0.0,8.599407635375069e-05,0.0
112768317_1281134889_79765917_0,0.0013579802761341222,8.504649025786642e-05,0.0
112768339_257882120_1281134777_0,0.0016467376725838264,8.446523753034347e-05,0.0
112768354_3230468515_5481894818_0,0.0013303353057199211,8.26190346015439e-05,0.0
112768354_3230468515_79423642_0,0.0021061301775147927,8.324098966213017e-05,0.0
112768354_3589030874_2069170206_0,0.0013926942800788955,7.69369438803942e-05,0.0
1127721761_5510245172_259668206_0,0.00837497435897436,9.28419556467603e-05,0.0
112900149_3229898632_5424049942_0,0.00597418540433925,9.059564682403206e-05,0.0
112900152_1282151973_3229775314_0,0.0002136489151873767,9.08322609393791e-05,0.0
112900152_1282152236_1282151973_0,0.00026988560157790927,9.096758058240778e-05,0.0
112900152_1282152354_3229775314_0,6.264299802761341e-05,9.071184275874031e-05,0.0
112900157_1282151879_1282151888_0,0.0030726942800788954,9.126432747837139e-05,0.0
112964933_1282633692_9648914686_0,0.030088015779092703,5.929221885961552e-05,0.0
112968762_1282668355_1282668418_0,0.002203739644970414,8.166083238836402e-05,0.0
112968783_1282668237_1282668585_0,0.0015614043392504931,8.131768990599528e-05,0.0
112968783_4971643486_1282668237_0,0.0015717869822485207,8.29826463579205e-05,0.0
112968786_1282668500_1919890270_0,8.403944773175542e-05,7.985784232542358e-05,0.0
1130534133_9644758531_5596021531_0,2.530966469428008e-05,6.731190922176636e-05,0.0
1131069654_3365840902_5474957000_0,0.0007619092702169625,8.312489115423077e-05,0.0
1131069656_1780498130_79761989_0,0.08346142800788954,8.402963564565089e-05,0.0
1131105509_2352564713_257681579_0,0.02872864694280079,8.995448421399136e-05,0.0
113563219_1287666729_7691536772_0,0.0005092544378698224,8.564682951153578e-05,0.0
113563225_5379681526_5561494037_0,0.016633940828402367,8.77610774164746e-05,0.0
113563225_8587110503_2479844957_0,0.001831921104536489,8.825135895595322e-05,0.0
113564583_1287680804_1287680802_0,0.0,8.866102177277e-05,0.0
113564585_1287680783_1287680822_0,8.42603550295858e-06,8.955440129747597e-05,0.0
113573772_1926755324_79761964_0,0.004277364891518738,9.035038105271758e-05,0.0
1155756131_5531786982_1930133892_0,0.0055375779092702165,9.22387380909081e-05,0.0
1155756134_5466182933_79423649_0,0.01949740433925049,8.471966948151089e-05,1.0299736915381653e-05
1155756134_84498595_5466182970_0,0.019680788954635108,8.449717781002464e-05,0.0
1159299388_3464956189_84500516_0,0.050293775147928994,9.272419648733106e-05,0.0
1159299388_79435425_3464956189_0,0.050312710059171595,9.277159332573256e-05,0.0
1159299388_84500516_3464956189_0,0.0425709191321499,9.272419648733106e-05,0.0
1166530994_444427279_5479361433_0,0.0,5.0898469510338214e-05,0.0
1181293886_7048215518_257883226_0,0.008574863905325443,9.304288584250026e-05,0.0
1181926815_1280164915_1930154708_0,0.003474240631163708,9.281597151259269e-05,0.0
1181926816_257883234_257883235_0,0.020497230769230768,9.389214415698351e-05,0.0
1190141106_257680941_9179754201_0,0.034967510848126236,9.415905305203423e-05,8.814193099505782e-06
1198560023_11118341121_11118341128_0,0.0,9.124973921273254e-05,0.0
1235378614_11467984049_11467984048_0,0.006525727810650888,9.210136851114057e-05,0.0
1239848399_7632235125_11518663058_0,0.0001644181459566075,9.100641544642732e-05,0.0
1244890216_1859271726_6257029966_0,0.0024584773175542404,7.911249000297287e-05,0.0
1244890216_4993723419_1859271735_0,0.0026088520710059173,8.078163397585835e-05,0.0
1244890216_7663164788_1859271744_0,0.004471005917159763,8.17021269005986e-05,0.0
1244891411_11572594453_11572594424_0,0.002353861932938856,7.698621379817629e-05,0.0
1244891416_79765084_11572594419_0,0.0002711163708086785,7.71510548972559e-05,0.0
1255450773_5332435848_79765087_0,0.001148465483234714,7.610010233498674e-05,0.0
1264734211_11749854894_1780515439_0,4.544378698224852e-06,7.711873013717949e-05,0.0
1267625349_79770418_79770445_0,0.011649577909270218,9.29717581831441e-05,3.9599199204449375e-05
1268167486_79428875_9465414952_0,0.00413112426035503,9.141438736387234e-05,0.0
1268167489_79428874_7298388746_0,0.04913442209072978,9.152926218233686e-05,0.0
1280362754_1281134759_1281134810_0,3.2536489151873766e-05,8.397202451990853e-05,0.0
1287912587_79761997_3365840896_0,0.048826571992110455,8.11866097553264e-05,0.0
1302235507_1282152263_7279139577_0,0.0063797396449704145,9.159935775851395e-05,0.0
1302235507_7279139577_1884197286_0,0.01204749506903353,9.162064783262608e-05,0.0
1302235513_2207997456_7115774449_0,0.0014737041420118343,8.979185751454454e-05,1.0403124539092657e-05
1302235515_258973888_258975227_0,0.0012005680473372781,8.983310349002032e-05,0.0
1302235515_258975227_7115774453_0,0.05202130177514793,8.986043344477978e-05,7.115352365606457e-06
1302235536_257555807_257555805_0,0.013569483234714004,6.373736832613492e-05,0.0
1302466492_257678742_1280164972_0,0.02409795660749507,8.929572872940191e-05,0.0
1302634877_7611465764_1884000998_0,0.03856643786982249,9.017036154080956e-05,0.0
1302634877_7611465779_7611942641_0,0.04566441025641026,9.060601086230157e-05,0.0
1302634885_5358474372_7588196081_0,0.02953767258382643,8.322909872410903e-05,0.0
1302634888_3417610740_257679850_0,0.04193148717948718,8.166831091558654e-05,0.0
1302634888_5740722895_3418910994_0,0.026025214990138067,8.126941493181196e-05,0.0
1302737882_6261034262_79761974_0,0.00802720315581854,8.732503567098528e-05,0.0
1302737883_1258887636_79761978_0,0.008499534516765286,8.715916270750701e-05,0.0
1302737888_1926772386_79761976_0,0.01863659171597633,8.733565395178929e-05,0.0
1302737891_1258963740_64695857_0,0.024552110453648916,9.361352743466142e-05,5.533576721852116e-05
1302737891_64695857_64700711_0,0.027222153846153847,9.366843221039135e-05,4.387324161618697e-05
1302737893_64695860_64695858_0,0.04165143984220907,9.341327292961948e-05,9.63711969819935e-05
1341230861_259147064_259146854_0,0.0005141143984220908,8.004069888480246e-05,0.0
1348732758_12475932642_79768525_0,0.0031108165680473372,9.242564776525651e-05,0.00022035054590595026
1348734229_5547172667_2479836920_0,0.0007886390532544379,5.961019696695088e-05,0.0
1348734232_7290724330_7290744762_0,0.010952804733727811,8.859792469674897e-05,0.0
1352322239_444427132_5450062989_0,0.024270169625246547,7.197445228517459e-05,0.0
1352322241_1634599883_5611350146_0,0.0003363155818540434,5.4783107720348504e-05,0.0
1364428028_7298388753_9465414956_0,0.0005651755424063116,9.113766873062402e-05,0.0
1364428028_9465414927_9465414953_0,9.92189349112426e-05,8.987643147828522e-05,0.0
1381856066_5474957082_8574320255_0,0.09788534911242604,8.378890549769704e-05,0.0
1387986556_7300920352_12848662364_0,1.0130177514792899e-05,8.653907557645686e-05,0.0
1394860502_79430618_79430619_0,6.084418145956608e-05,8.794713500957714e-05,0.0
1413612940_12991059013_12991059026_0,1.5747534516765285e-05,8.812664795804555e-05,0.0
1444229476_5426043293_5426043297_0,1.5747534516765285e-05,9.347430327041532e-05,0.0
1446362425_7301351648_7699005292_0,0.016280836291913216,8.662487766338269e-05,0.0
1447295795_7048215518_13279000767_0,0.007781049309664694,9.305826382155172e-05,0.0
1447853724_257883236_13284311659_0,4.411834319526627e-05,9.3989226903629e-05,5.7004934378931424e-05
1447853727_7290191031_13284311660_0,0.0005745167652859961,9.384620109203007e-05,1.3023372190212237e-09
1447926165_257678385_1287680773_0,0.0064194714003944775,8.859439787853811e-05,0.0
1450441107_13302944528_5397499902_0,0.00024725838264299805,8.811022826200624e-05,0.0
1450441107_5397499902_13302944527_0,0.00034849704142011833,8.812662897348365e-05,0.0
1473275473_5955760295_10091258771_0,1.4232741617357001e-05,5.7508600294524666e-05,0.0
150561776_5471961305_5890267155_0,0.03483259960552268,6.59278741475951e-05,0.0
150561892_5477019292_5611350357_0,0.00023394082840236686,5.138833016762457e-05,0.0
161143262_257678146_257678149_0,0.0004693333333333333,9.136260281854963e-05,0.0
161143262_257678149_1282152213_0,0.007381585798816568,9.110664845655191e-05,0.0
161143264_257882940_5428323886_0,0.003995171597633136,9.135874561505408e-05,0.0
161147482_257679947_9217711015_0,0.005280094674556213,8.728331053320821e-05,0.0
161312811_1525679987_1733036332_0,5.7656804733727814e-05,7.337432479928178e-05,0.0
161312820_257681577_4177956375_0,0.03366646153846154,9.010113495690731e-05,0.0
161318431_1733094441_257681327_0,0.001262516765285996,9.243038581101265e-05,4.590170602665455e-05
162933021_9152103473_1747249489_0,0.0009353846153846154,7.532975131305899e-05,0.0
166613162_1780498205_7436372084_0,0.0015686311637080868,8.457515043643547e-05,0.0
166614900_1780515395_1780515392_0,0.0018806785009861933,7.411184210905962e-05,0.0
174466953_2352983867_2352983865_0,0.0008469270216962525,8.786066451133267e-05,0.0
174884368_3372746711_79424407_0,0.017561783037475347,8.588776703319338e-05,5.0954708203592626e-05
174884368_79424407_79424408_0,0.023593688362919134,8.583743443944404e-05,0.0
174889368_79416355_257554823_0,8.886785009861933e-05,8.726577108145755e-05,0.0
175283520_257678730_259403572_0,0.07245989743589744,9.072827042134403e-05,4.5386034360451335e-06
175287499_1919937382_257678726_0,0.09052329783037476,9.009000475410423e-05,0.0
175287499_257678726_2436172328_0,0.0904610650887574,9.019492382349696e-05,0.0
175287503_1859037010_258974925_0,6.308481262327417e-05,8.402455833485226e-05,0.0
175324585_11991877835_1780515448_0,7.334122287968442e-05,7.6040253722935e-05,0.0
178007415_1280100128_1280100225_0,1.4074950690335306e-05,9.05905828513289e-05,0.0
178165616_12553393569_257681207_0,0.009429491124260355,9.221969650407709e-05,1.0166746666939024e-05
178165617_260681145_79435425_0,0.003822138067061144,9.246597267833058e-05,0.0
181398420_1282668191_1918390932_0,0.00011247337278106508,8.104649297048196e-05,0.0
181398420_1918390932_1282668191_0,0.00011247337278106508,8.104649297048196e-05,0.0
181407671_1918390934_1918390935_0,0.0,8.08153011651184e-05,0.0
181579183_7663238815_1919923568_0,0.0019727652859960554,8.720780454716788e-05,0.0
182321044_1926731861_1926731847_0,0.0003211360946745562,8.730342316080631e-05,0.0
182321067_4971972011_4971971904_0,1.4201183431952662e-06,8.868308974298349e-05,0.0
182321071_4971971950_4971972183_0,0.0,8.843342453067579e-05,0.0
182321074_1926731863_1926731862_0,4.130966469428008e-05,8.73452898083906e-05,0.0
182323899_3229963340_3229963290_0,0.014758153846153846,9.00056244455269e-05,0.0
182323900_1926772414_5428289670_0,0.0465127258382643,9.378735732763711e-05,0.0
182325661_1287680874_5411721038_0,0.0018998343195266271,8.942525573809543e-05,0.0
182652623_256552392_1930133856_0,1.1960552268244576e-05,9.055264068610666e-05,0.0
182652623_256554263_5413636742_0,0.001453506903353057,9.000391252900251e-05,0.0
182652623_256554280_1930133838_0,3.749112426035503e-05,9.003007284578977e-05,0.0
182652623_5413636742_256554268_0,0.0014679921104536488,8.99974910045509e-05,0.0
182652623_7564727610_256554263_0,0.0016948323471400394,8.984512907578662e-05,0.0
182652635_1930133831_1930133829_0,2.357396449704142e-05,8.959258731957453e-05,0.0
182652645_9465414956_1930133854_0,3.282051282051282e-06,9.094196028180341e-05,0.0
182652654_7298150821_84500193_0,0.0009833214990138067,9.059695871016908e-05,0.0
182654129_1930149602_266525261_0,0.000263069033530572,9.214034759487085e-05,0.0
182655017_1930154708_1930154705_0,0.00018897041420118344,9.262315780724317e-05,0.0
182658117_1930181780_257680624_0,0.00011035897435897435,9.378274710094494e-05,0.0
182658919_257680942_1930206400_0,3.212623274161736e-05,9.369641043479367e-05,0.0
182658929_266525264_1930206367_0,0.00022740828402366864,9.31856187329794e-05,7.299144791499956e-10
182658930_1930206307_257680619_0,0.015395187376725837,9.345461172347147e-05,0.0
195750552_257677177_79761989_0,0.013567968441814595,8.38778145297619e-05,0.0
195750567_6280761735_6280629188_0,0.013134422090729783,4.437995103044179e-05,0.0
198639026_2087459610_5400892609_0,5.093491124260355e-05,7.691964842354098e-05,0.0
198639066_1280109847_7298146891_0,0.0008731834319526627,8.925264680935909e-05,0.0
198639072_2069170198_2087459374_0,0.0,7.6043322251087e-05,0.0
198643991_1280109874_2087459934_0,0.0012648205128205129,8.90070698047969e-05,0.0
198643991_3230310678_2087600678_0,0.00012645364891518738,8.44582043101173e-05,0.0
198653903_5377406434_257679815_0,1.0571992110453648e-05,8.440303498263009e-05,0.0
210729558_257676910_258974843_0,0.014326059171597632,8.263341734796454e-05,0.0
226506412_1281065693_3417083833_0,0.0002091360946745562,8.829306631370267e-05,0.0
226506412_1281065767_5428353975_0,0.025734974358974358,8.835200360449848e-05,0.0
226506412_3417083833_1281065693_0,0.00011619723865877712,8.829306631370267e-05,0.0
226508125_2353036641_2353036642_0,2.568836291913215e-05,9.108149208476842e-05,0.0
226508125_2353036649_2355172623_0,0.006144599605522682,9.129399419782782e-05,0.0
226508125_2353036655_2353036664_0,0.00010079684418145956,9.142806348566798e-05,0.0
226508133_2353036667_257883007_0,0.0001594319526627219,9.062651261621458e-05,0.0
226656169_7441368120_257883651_0,1.5747534516765285e-05,7.568868192368675e-05,0.0005159742771744753
226760146_2355172624_5411563153_0,0.0003782879684418146,9.126088500140571e-05,0.0
226762913_2353036641_2355248757_0,0.000846043392504931,9.113958520369511e-05,0.0
226762914_3462926801_5414066983_0,5.617357001972386e-06,9.379613000750657e-05,0.0
226766470_2355248874_5461254123_0,4.1120315581854044e-05,9.115563338705815e-05,0.0
226854377_13302873938_2355887036_0,1.972386587771203e-05,9.104031821789791e-05,0.0
231960390_2402816471_2402816348_0,0.0010492781065088758,9.112235478730095e-05,0.0
235438428_1280165020_2355248764_0,0.016165617357001973,9.286610289464239e-05,0.0
23692375_13136146279_1930133821_0,0.0017394871794871795,8.888005646087474e-05,0.0
23692375_1930133821_79767257_0,0.0011255226824457593,8.884849400478932e-05,0.0
23692597_256554263_256554259_0,0.0017574437869822485,9.044776014964785e-05,0.0
23692603_1930133827_266525227_0,0.001627518737672584,9.020217572718802e-05,0.0
23696644_256589551_259752349_0,0.002934785009861933,9.212623729179696e-05,0.0
23714885_2436084680_64696762_0,0.0029584852071005917,9.352572991057175e-05,0.0
23739076_257094406_257094407_0,0.0006269980276134122,9.108109689603829e-05,0.0
23781311_257675898_7283969649_0,0.0001485128205128205,8.511259793471264e-05,0.0
23781311_257679955_3417610585_0,0.00010363708086785009,8.903938427562122e-05,0.0
23781426_257677473_1930106459_0,0.005458808678500986,9.054757945515409e-05,4.997581722838293e-06
23781497_9627988863_79409676_0,0.0020717001972386587,9.09519168267742e-05,0.0
23781502_79410763_79409684_0,0.002159526627218935,9.134093854126733e-05,0.0
23781539_257678357_257678128_0,0.022070879684418145,9.381581313965155e-05,0.0
23781635_257678807_257677476_0,0.0004634319526627219,8.96043307203607e-05,9.262261210978944e-06
23781652_7051156762_3365840907_0,0.0019549349112426037,8.970535002401606e-05,2.0781663164797368e-05
23781715_79423649_9602472306_0,0.002094674556213018,8.412961367324488e-05,2.4176950758064512e-05
23781786_11254206724_9465414946_0,6.857593688362919e-05,8.981647455281615e-05,0.0
23781786_7562613276_256554298_0,5.658382642998027e-05,8.9678605123511e-05,0.0
23781786_9465414953_1281134866_0,0.0006263037475345167,8.982351925766171e-05,0.0
23781903_5430506481_257681652_0,0.009033688362919132,8.966463109146114e-05,1.9623354134564777e-05
23781946_5713831436_13138253528_0,0.07166652465483235,8.304772963865664e-05,0.0008897175240423574
23797840_2087459709_3979034685_0,0.020338082840236686,8.037642773541518e-05,0.0
23797862_3418911046_5194183530_0,0.006332528599605523,6.601244243792637e-05,0.0
23798118_2353013043_1282678418_0,0.03374993293885602,9.216781595320904e-05,0.0
23798172_1731421065_257882940_0,0.003131329388560158,9.135883772184852e-05,0.0
23798237_257883579_6248755437_0,0.015982516765285996,9.161662734827452e-05,0.0
23798237_257883584_257883582_0,0.014179660749506903,9.102975604818219e-05,0.0
23892631_64699979_5456240080_0,0.00037298619329388563,9.295355496050331e-05,0.0
23892643_4177870082_4708547143_0,0.06948575936883629,8.744939691472524e-05,0.00011157764868386803
23892680_258974178_258974199_0,0.0,8.72403521581221e-05,0.0
23892782_257554829_257675864_0,4.203550295857988e-05,8.261021657102137e-05,0.0
23908709_259147026_7283969649_0,8.962524654832347e-06,8.377193994544451e-05,0.0
23908999_259150331_259150370_0,0.0010864852071005918,8.601977134244053e-05,0.0
23924995_259403572_7654713395_0,0.008435187376725838,9.091493153612336e-05,3.784844723757565e-06
23925111_259404737_259404885_0,0.0018565364891518737,7.866767322345443e-05,2.842170943040401e-14
23953706_79426033_7287584992_0,0.00017517948717948718,8.379376611425518e-05,0.0
23953923_257094447_259668206_0,0.04160059960552268,9.266004532808571e-05,0.0
23953945_1930113755_259668206_0,0.017407589743589743,9.278755787659867e-05,0.0
23953945_1930113755_3492762025_0,0.017440410256410258,9.284971742088146e-05,0.0
23953945_7119000261_3492762025_0,0.017464899408284024,9.308770031896647e-05,0.0
23953992_1280100124_1280109829_0,0.05361568441814596,9.182179970523479e-05,0.0
23954078_257680631_8522962206_0,0.023667660749506905,9.394457654088489e-05,0.0
23954078_8522962206_257680631_0,0.03475484023668639,9.394457654088489e-05,0.0
23954288_1926779459_257678377_0,0.00887359368836292,9.06719932474914e-05,0.0
23954288_4978871258_1926779459_0,0.008899250493096648,9.009219963402753e-05,0.0
23954588_7290724330_259677624_0,0.009898351084812624,8.8586538835859e-05,0.0
23954646_259679489_259675101_0,1.4074950690335306e-05,9.296616066492737e-05,0.0
23954661_1929295348_259680456_0,0.001823337278106509,9.09297945667867e-05,0.0
23954661_1929295505_1929295476_0,0.0015777199211045364,9.11546186522966e-05,0.0
23960052_260685541_259752079_0,0.003970619329388561,9.240244289614345e-05,0.0
23960052_260685541_79433142_0,0.003971881656804734,9.276451629352725e-05,0.0
23960094_13136103007_259752479_0,0.00012257199211045366,8.837806416120106e-05,0.0
23960094_5423993261_1930106432_0,0.00020130966469428008,8.815720858179293e-05,0.0
23960139_3522046969_257679085_0,0.0031576489151873767,8.690625138728115e-05,0.0
23960148_1905192444_259752954_0,3.660749506903353e-06,7.905177080425412e-05,0.0
240239924_2479836917_5481762726_0,0.018429854043392504,6.074796882285642e-05,0.0
240243132_9119881632_3439521719_0,0.0001027534516765286,8.765949496575317e-05,0.0
24036380_260681128_260681036_0,0.008173759368836292,9.273312593912996e-05,0.0
24040534_7051157589_1281134765_0,0.0199723550295858,8.560696333077987e-05,0.0
24040552_5466218159_260718587_0,0.00523294674556213,8.257227017897893e-05,0.0
24040645_257677473_7051028258_0,0.02583977909270217,8.994919897366318e-05,1.2386521345802581e-05
24263531_262694471_5356023946_0,0.005992646942800789,7.957662192041706e-05,0.0
24263531_5540141410_3417610735_0,0.005854138067061144,8.062384875626487e-05,0.0
24263802_262696982_3632371699_0,0.00021570019723865877,7.13210662164221e-05,0.0
24400255_7675719463_7676236113_0,0.04908844181459566,7.970352746097863e-05,0.0
24400259_6224103287_4405679978_0,0.0020414990138067062,6.305075397620974e-05,0.0
24508107_259670198_678338814_0,4.875739644970414e-05,9.232654396938792e-05,0.0
24508112_1930149602_8499736255_0,2.941222879684418e-05,9.231437982812006e-05,0.0
24508129_259752001_79430231_0,0.00048142011834319525,8.781450699544641e-05,0.0
24549254_257094407_1930120526_0,0.0,9.08751537095622e-05,0.0
24884622_1930142785_270390883_0,0.006577293885601578,9.258907739536357e-05,0.0
24884622_259670196_1930142785_0,2.3668639053254436e-06,9.258887583773559e-05,0.0
24884624_1930142720_270390850_0,1.26232741617357e-07,9.194120237645924e-05,0.0
24884648_258973405_262695608_0,3.708086785009862e-05,9.222128476949847e-05,0.0
24884648_262695608_258973405_0,3.708086785009862e-05,9.222128476949847e-05,0.0
24884648_270390850_270390848_0,0.00763701775147929,9.224504360748242e-05,0.0
25006165_3446957854_3498453677_0,0.0018529704142011833,7.650404685157721e-05,0.0
25006167_257677223_5466104935_0,3.149506903353057e-05,8.930641039011505e-05,0.0
298470044_3023843201_3023843376_0,2.2406311637080868e-06,4.0937701981610445e-05,0.0
298470046_6805053880_3023843220_0,3.124260355029586e-05,4.115819585513555e-05,0.0
298470051_3410928233_3428855388_0,0.09666054437869823,8.336508956577358e-05,0.0
301739661_3058432010_3058432009_0,0.0008833767258382643,8.068777192797515e-05,0.0
302022399_5560818110_5560817884_0,0.00012844181459566075,8.028657921779269e-05,0.0
304104536_3086244335_3086244337_0,0.06385729388560157,8.620572285310657e-05,0.0
316795670_3229755927_3229755917_0,0.0001611360946745562,8.757774138620382e-05,0.0
316807294_3229898599_3229898586_0,0.0003492544378698225,8.991123932232013e-05,0.0
316819467_3229963274_3229963292_0,9.76094674556213e-05,8.90107754526233e-05,0.0
316819559_4979460960_3229969837_0,0.008974800788954636,9.16500446820982e-05,0.0
316846553_3230310832_3230310831_0,0.03222904930966469,8.767231031921164e-05,0.0
316860922_259676122_3230427811_0,0.006681435897435898,9.05487872261803e-05,0.0
316860998_3230427713_1280100350_0,3.4777120315581854e-05,9.06298344106032e-05,0.0
316865196_3230468536_5481894961_0,0.0,8.2022778345673e-05,0.0
316865243_3230468558_2087600571_0,7.226824457593688e-06,8.113978484730598e-05,0.0
316865296_6822732781_3230468502_0,0.0,8.178052101486202e-05,0.0
316876300_3230610538_3230610534_0,8.49861932938856e-05,8.485477674344754e-05,0.0
316876407_1731470807_9217702005_0,9.164497041420118e-05,8.661745474467948e-05,0.0
324373653_6280629300_6805053418_0,0.005447542406311637,4.4690765567137144e-05,0.0
329414736_3362956375_3362956378_0,0.0010137120315581855,8.460135154254444e-05,0.0
329414737_3362956379_3362956384_0,4.8e-05,8.458037571938439e-05,0.0
330314135_5394725927_3372743725_0,3.455621301775148e-05,8.801785366248976e-05,0.0
333964218_7548103204_259675564_0,0.020166785009861934,8.878309583882562e-05,0.0
333964229_1282152301_1282152063_0,0.0035405128205128204,8.921361242167555e-05,0.0
334012443_5591559477_3410928226_0,0.004901396449704142,8.091450912930975e-05,0.0
334657020_3418911046_3417185051_0,0.007814753451676528,6.611116990933822e-05,0.0
334701753_1884001005_259147131_0,0.043326390532544376,8.907931284335107e-05,0.0
334701757_5549753853_3417610744_0,0.02819525049309665,8.15062792286358e-05,0.0
334798342_3418911000_3418911010_0,0.0018875897435897437,7.641994895777013e-05,0.0
335526745_5400408841_79416338_0,0.00027427218934911245,8.888233981071988e-05,0.0
335526746_1281065791_3426279006_0,0.00027244181459566073,8.781807016311197e-05,0.0
335774207_3428860616_7686925684_0,5.47534516765286e-05,8.228897291704849e-05,0.0
339596462_3468143009_3468143632_0,0.0,8.503166897824713e-05,0.0
340569054_5579836650_3478619509_0,0.0,8.718089473626575e-05,0.0
340782592_5409087031_2352983867_0,0.0,8.767090226969053e-05,0.0
341375331_5376997082_3485717726_0,0.0002235266272189349,8.245563315850571e-05,0.0
341725238_3488348825_3488347346_0,0.00035427218934911244,9.025842394849313e-05,0.0
341955798_3490087565_3490087527_0,1.5747534516765285e-05,8.240194590539382e-05,0.0
342247942_3492762029_3492762025_0,0.0,9.25076265594584e-05,0.0
342545808_3490307329_262695730_0,0.009111353057199211,9.299090634281784e-05,0.0
344282940_6077930980_444427279_0,0.0004274871794871795,5.181683443858406e-05,0.0
353134958_3981253272_3589030873_0,0.002618919132149901,7.660944918555474e-05,0.0
360087985_8575198221_6072491865_0,1.5747534516765285e-05,4.0898167406009736e-05,0.000639321233202056
360087986_3645463067_5892002135_0,0.00043212623274161734,4.066026570845736e-05,0.0
360087988_534529719_3646871112_0,8.918343195266273e-05,4.091309250973346e-05,0.0
369946940_5182904959_257880578_0,0.015108386587771203,7.164900641731987e-05,0.0
378132650_3023843220_3023843426_0,0.0020026508875739643,4.116173740582732e-05,0.0
389144712_257093402_257093404_0,0.0009699092702169625,9.280539882883465e-05,0.0
389144712_7698784643_257093402_0,0.0003842524654832347,9.268898753996615e-05,0.0
389483224_13132782711_1525674221_0,0.0005644812623274162,7.503664408339608e-05,0.0
390021554_7544583277_5665359699_0,0.0017499013806706115,7.672179827781147e-05,0.0
390852188_5547005918_6071954797_0,0.01162458382642998,6.012508967976227e-05,0.0
390852188_6071954797_5892083306_0,0.011919400394477317,6.0242502909485944e-05,0.0
395031636_5479330118_3979161945_0,0.0,7.436953319743398e-05,0.0
404877450_4071283360_3417185021_0,0.014466335305719922,7.446924588428355e-05,9.301596083818169e-06
40972484_3364915186_499290264_0,0.004483850098619329,7.31087486716346e-05,0.0
413784196_3589030874_7310992113_0,0.0003830848126232742,7.701113698365498e-05,0.0
413784196_4150402805_4150402807_0,9.259171597633136e-05,7.694420035489293e-05,0.0
413784201_2069170206_4150402807_0,0.0,7.689481840141634e-05,0.0
416934894_5892210049_1634599782_0,0.006510706114398422,5.804486234302448e-05,0.0
417185770_7290818321_79416360_0,0.04979177909270217,8.829846886510108e-05,1.8137669781988328e-05
417185770_79416360_3428120825_0,0.05467212623274162,8.869344005046432e-05,2.9875413660767513e-05
417197827_4177956377_4177956378_0,0.038997712031558183,9.007895921749887e-05,0.0
417197827_4177956380_7270970824_0,0.03988238264299803,9.011422757836906e-05,0.0
417197835_2353006945_2353632111_0,0.024467881656804732,8.965571724974729e-05,0.0
417197835_2353006964_2353006950_0,0.03693140828402367,8.97060488792531e-05,0.0
417197845_4177956378_4177956383_0,8.236686390532545e-06,9.010093026271218e-05,0.0
442697987_5509807722_8586761803_0,0.004016189349112426,7.597921401281628e-05,0.0
442922552_5560949424_5560949428_0,0.010419471400394478,7.129423468601751e-05,0.0
447217767_1780515437_3228763875_0,8.83629191321499e-07,7.585352080232651e-05,0.0
447217769_1780515448_1780515415_0,0.00103236291913215,7.538081066545657e-05,0.0
463032559_534529730_1634600199_0,1.5747534516765285e-05,4.116189955129844e-05,0.0
463894537_4590985290_4590985292_0,4.4591715976331364e-05,7.480464120722323e-05,0.0
464936008_257883952_4599846792_0,0.00013730966469428007,7.377826492907156e-05,0.0
475911675_5604082847_4695911667_0,0.0,7.529136839078536e-05,0.0
475916932_4599613112_4599613108_0,0.02952129388560158,7.352563749679149e-05,0.0
475916932_4599613113_257883920_0,0.03213910848126233,7.262568922624757e-05,0.0
477304330_257883981_257883982_0,0.028195660749506902,7.810221824726479e-05,0.0
477304330_4703584251_4591103835_0,0.02808681656804734,7.820096298952496e-05,0.0
477713116_4710180211_4710180210_0,0.0022614280078895464,6.820586523647812e-05,0.0
489722741_5433661646_5591677883_0,0.030946556213017753,7.300929321814472e-05,0.0
490621535_1280164948_7637524088_0,0.0010389585798816568,9.309605307820264e-05,0.0
490621535_257680619_257680615_0,0.0005639132149901381,9.348305999908448e-05,0.0
490621702_266525215_259752003_0,0.0,8.796509652253167e-05,0.0
496323623_4880287519_4880287514_0,0.0,7.271114007402591e-05,0.0
496323624_4880287823_1733036332_0,4.670611439842209e-06,7.328672040612586e-05,0.0
496595192_4882900993_5466527243_0,7.895857988165681e-05,6.688036308191426e-05,0.0
500072644_7506691571_5546892549_0,0.00018259566074950692,6.622793661678672e-05,0.0
500072649_13135636376_13135636384_0,0.003744378698224852,6.575124114792817e-05,8.547858861088436e-05
500072649_4912266788_7506691558_0,0.0011247337278106509,6.269180302029346e-05,0.0
500072649_7506691552_444427215_0,0.001879731755424063,6.164046017687784e-05,0.0
500072649_8577973891_7506691571_0,0.004822753451676529,6.611703011107182e-05,0.0
500077353_4912266788_13132422696_0,0.00043711242603550296,6.277460991542701e-05,0.0
500077370_7307629850_259677755_0,0.02364916765285996,6.654346923018013e-05,0.0
503010368_1919937351_2436172328_0,0.006094769230769231,8.987993419285134e-05,0.0
503010370_4933637589_5424071484_0,0.0008092465483234714,8.064258182085635e-05,0.0
503010371_5424071483_259404129_0,0.001503337278106509,8.065239696544606e-05,0.0
507049302_5626148559_6228703004_0,0.0,7.316555958645653e-05,0.0
507052326_8586422124_9133841295_0,0.000961577909270217,7.065331252445066e-05,0.0
507747324_4971971950_1287680804_0,0.0005172071005917159,8.857623411217637e-05,0.0
507747325_4971972036_1287680804_0,0.0002926706114398422,8.850042813957935e-05,0.0
507747334_4971971974_4971972011_0,0.0,8.870249660873698e-05,0.0
507791123_4972299430_1634599628_0,0.007634209072978303,8.423881106480419e-05,0.0
507792044_12069174020_1757002153_0,0.00010250098619329388,7.65233943539188e-05,0.0
507792044_1747249548_259752911_0,0.0007976331360946745,7.725539020209113e-05,0.0
507792044_1855366523_1757002152_0,0.00011619723865877712,7.57392432113937e-05,0.0
507792044_1855370215_1855366523_0,0.00012121499013806706,7.536094610628005e-05,0.0
507792044_1859345132_1757002153_0,0.00019556607495069034,7.620597804847433e-05,0.0
508584097_7654981479_4987518017_0,0.0005631242603550296,8.950941345357915e-05,0.0
509266935_5461296175_3452080339_0,0.05009928205128205,8.722768424298936e-05,0.0
509266938_4985172150_4985172155_0,0.0004715739644970414,8.664760247674376e-05,0.0
509361361_257678740_1280164848_0,0.0,8.925029752476646e-05,0.0
510033222_4991398014_1287666676_0,0.01491010650887574,8.847767845373655e-05,0.0
510033222_5379681526_4991397999_0,0.014923897435897436,8.785357405994074e-05,0.0
510823280_1918339005_1918338999_0,4.1846153846153846e-05,8.125664412067185e-05,0.0
510883015_5379681120_9147799956_0,9.865088757396449e-05,8.761587545920812e-05,0.0
514711079_3229755914_3229755907_0,5.680473372781065e-06,8.784912924129744e-05,0.0
514877739_5243931747_13197345940_0,0.0,8.730390122216421e-05,0.0
514999030_1926772420_1287666447_0,0.01722354240631164,9.20893087942317e-05,0.0
516578221_7699005292_7301254776_0,0.01573301775147929,8.660948728220605e-05,0.0
519182417_79416341_2207997421_0,0.012051660749506903,8.986058038107413e-05,6.201300267636274e-05
519182420_9163899742_79416360_0,0.004896094674556213,8.839947560404721e-05,1.3456452484835534e-05
529855141_7654285531_3455381730_0,0.0015867140039447732,9.188305332649745e-05,0.0
529855146_1258887678_1926765043_0,0.029614737672583828,9.178556250919668e-05,0.0
529855146_1926765043_1258887678_0,0.0010118816568047337,9.178556250919668e-05,0.0
529855148_7654277662_2436183531_0,0.0018672978303747535,9.044986615607665e-05,5.317751552584261e-06
530292832_5149657912_5149657911_0,0.00021929783037475344,8.34111234437248e-05,0.0
536455352_5196712807_7037334849_0,0.0021834792899408286,6.782151756046408e-05,0.0
550567823_257677177_1780498130_0,0.0006227376725838265,8.391845800696758e-05,0.0
550567826_258974925_258974989_0,0.00969142406311637,8.349119774252336e-05,0.0
551789282_1287666509_5482319698_0,0.014947692307692308,8.731311268901713e-05,0.0
551789282_1926772391_5512865887_0,0.015952473372781065,8.71958717888433e-05,0.0
551789283_257678398_5512865888_0,0.007700355029585799,8.740687959452438e-05,0.0
551789283_5482319699_1926731901_0,0.005748733727810651,8.72409539533337e-05,0.0
551789283_5512865888_257678394_0,0.007846122287968441,8.723034343702932e-05,0.0
555147444_7550579222_5356606665_0,0.00105767258382643,8.025451365836097e-05,0.0
558961820_5651008041_1885287257_0,0.0015117001972386587,7.291693697303561e-05,0.0
559679567_5639066433_5533230778_0,0.004481388560157791,7.759793231942882e-05,0.0
560882909_79761957_7308376011_0,0.0637381932938856,9.288405743656398e-05,0.00011353016859357132
560897300_7287230014_5413529812_0,0.0004108244575936884,8.921920943017039e-05,0.0
560949962_259674917_7654285506_0,0.03150213806706115,9.267810399022048e-05,0.0
561143310_5411426708_5414076098_0,0.0,9.031337439712035e-05,0.0
561162033_2355224042_5411563075_0,7.488757396449704e-05,9.230315661624546e-05,0.0
561184526_5411721040_7654981479_0,2.2848126232741618e-05,8.925783215186714e-05,0.0
561406712_5413521232_259677695_0,0.00022996449704142013,7.97217903252885e-05,0.0
561420695_84500089_2399263794_0,0.006070974358974359,9.074178443786978e-05,0.0
562364571_5610782016_2354283280_0,0.013652134122287968,7.950746526137043e-05,0.0
562642033_1926736533_6798204315_0,0.0008362603550295858,8.839171120670261e-05,0.0
562656444_4986297019_3455351587_0,1.3570019723865877e-05,9.291779696210317e-05,0.0
562656446_257678129_257678132_0,0.03644048915187377,9.39462399170903e-05,0.0
562659446_6257965272_257678383_0,0.0029553925049309667,8.97090081759518e-05,0.0
562659605_257677223_5439033454_0,0.00028986193293885603,8.887189383139396e-05,0.0
562671172_1282668151_1282668500_0,7.44457593688363e-05,7.950505393005105e-05,0.0
562988534_1926772413_3229969779_0,0.018772449704142012,9.141372233532487e-05,0.0
562988534_1926772420_3229969837_0,0.019268891518737674,9.186824832502297e-05,0.0
562988534_1926772421_1926772420_0,0.019243518737672584,9.211779792209595e-05,0.0
562988534_3229969837_1926772413_0,0.018803944773175544,9.153930744188648e-05,0.0
562988537_257678374_4979460960_0,0.013584315581854044,9.155909399675955e-05,0.0
563188466_1919937351_4933637572_0,1.555818540433925e-05,8.948888632541551e-05,0.0
563214707_3493203220_257883020_0,0.0027892386587771204,9.123196570869927e-05,0.0
563214729_257883019_2355263942_0,0.002765759368836292,9.098670261817378e-05,0.0
563234080_5428289672_257678362_0,0.006796023668639053,9.342698070739531e-05,0.0
563239475_5428323886_5428323907_0,0.0,9.118264665587867e-05,0.0
563268302_5428497770_3492787780_0,9.467455621301774e-06,9.00180044547271e-05,0.0
563516178_5430506481_5430506476_0,7.542406311637081e-06,8.978676398763882e-05,2.6879007074577192e-05
563542556_13302944527_5397499868_0,0.001532086785009862,8.807176799528467e-05,0.0
563542594_3230310879_3230310881_0,0.00010625641025641026,8.757835755941e-05,0.0
563554672_8907122998_5430738264_0,0.004734832347140039,5.967630517621064e-05,0.0
563570440_5430865112_5430865106_0,0.0,9.326359169465881e-05,0.0
563575145_2087600572_2087600573_0,0.0001739171597633136,8.153423553869679e-05,0.0
563575145_5460886356_7625881445_0,1.0161735700197238e-05,8.032744241162626e-05,0.0
563575145_7655613113_7655613109_0,0.0003084497041420118,8.39639346810431e-05,0.0
563575146_1280109803_1280109843_0,0.0035105641025641025,9.147813610413616e-05,0.0
563575146_1280109847_1280109874_0,0.0012698698224852072,8.914863967594911e-05,0.0
564510887_1280115415_260681138_0,4.421301775147929e-05,9.252863276460141e-05,0.0
564510887_260681136_260681138_0,0.0028436134122287967,9.266954194008713e-05,0.0
564510887_260686563_1280115415_0,0.001184757396449704,9.248295023682236e-05,0.0
564576321_7663302716_3443974774_0,0.08415211045364891,8.830921410612891e-05,0.0
564644776_7699005292_7300920346_0,0.00016123076923076922,8.663296629116959e-05,0.0
564939209_1280115427_64695857_0,0.0026857909270216964,9.360754165841975e-05,1.767300533672389e-05
565281964_12639060891_2355819719_0,2.5877712031558183e-06,8.185795387847297e-05,0.0
565281965_12639060892_2355819727_0,1.3254437869822485e-06,8.222628115065736e-05,0.0
565342973_257883235_1855278392_0,0.0009053727810650888,9.381088042058965e-05,0.0
565670146_6257695232_3230310846_0,3.988954635108481e-05,8.881979271041005e-05,0.0
565816993_5448280158_5448280054_0,1.5747534516765285e-05,5.1800641967302856e-05,0.0
565817006_3023833961_5448280074_0,7.390927021696252e-05,5.2626229163426456e-05,0.0
567244652_84498975_5460930029_0,0.0008381854043392505,8.520231614696856e-05,0.0
567721268_1885366427_257681544_0,0.0002252938856015779,9.225410135595802e-05,0.0
568063722_5466182684_5466181876_0,4.891518737672584e-06,8.259174243324953e-05,0.0
568063923_5482129772_5466183227_0,0.0,8.473050609106063e-05,0.0
568070962_5466218164_5466218166_0,1.5747534516765285e-05,8.258815759064879e-05,0.0
568070981_79766400_5466218201_0,0.024888899408284024,8.515140365938337e-05,0.0
569168133_5474531494_5474531496_0,9.306508875739646e-05,6.296953561631375e-05,0.0
569275790_3981245055_3981245037_0,0.0,7.699173435984604e-05,0.0
569806416_5479319279_6257908616_0,0.015020023668639053,6.845876220060447e-05,0.0
569806605_5479320455_5479320450_0,3.149506903353057e-05,7.04349585154245e-05,0.0
569813373_5610968570_5479369093_0,3.149506903353057e-05,5.555024933151383e-05,0.0
569822355_5479443013_5479443011_0,1.5747534516765285e-05,8.77321824197201e-05,0.0
570128040_5481732078_8586413445_0,3.029585798816568e-05,7.048388706935906e-05,0.0
570132041_5481762726_11078232249_0,0.000501112426035503,6.043172434233561e-05,0.0
570134906_3488349728_7611849589_0,1.0635108481262328e-05,8.933421864721467e-05,0.0
570135909_1634600005_5477385801_0,0.001971881656804734,5.27062454345146e-05,0.0
570156376_5481908026_5481908025_0,0.0007394082840236686,8.56294200142689e-05,0.0
570845672_5487841071_5487841072_0,0.0,6.83029293885006e-05,0.0
570877181_7051028258_9708978647_0,0.025778366863905326,8.963681662157847e-05,0.0
570877189_1280164956_1280164991_0,0.00040533333333333334,8.907978008387032e-05,0.0
570929121_3038437240_3038437096_0,7.510848126232741e-06,8.907883447847915e-05,0.0
571615551_257678747_7663666666_0,0.017265136094674557,8.987585500554853e-05,1.4284344578739591e-05
573038101_257681573_3493568330_0,0.0005723392504930967,8.983293029419766e-05,0.0
573064661_9125928127_3141556892_0,0.04988474950690335,8.691971155933026e-05,0.0
573785998_5509807619_5509807722_0,0.0011166863905325444,7.584168053060056e-05,0.0
573863421_5510245178_5510245172_0,0.0018849704142011835,9.281145499904727e-05,0.0
574367901_5541780423_4403683051_0,0.0025628717948717947,7.530944333925189e-05,0.0
574367901_5616754060_5616877637_0,0.002662500986193294,7.387044779479558e-05,0.0
575476295_9648299824_4819397472_0,0.0,7.893053230956506e-05,0.0
576259975_5493133738_4103388441_0,0.0046713372781065085,5.816834666700171e-05,0.0
576263272_1287666619_3483673723_0,0.0001912741617357002,8.778951590809753e-05,0.0
576622108_3362956366_5512865911_0,0.0015652544378698225,8.720709891084705e-05,0.0
576622108_9472961163_3362956366_0,0.0015912899408284025,8.698949882690759e-05,0.0
576623665_9642167003_5530160351_0,3.818540433925049e-06,5.794362108635602e-05,0.0
577003320_1282633721_5547382039_0,0.005575826429980276,4.8720421624169654e-05,0.0
577003320_5547382039_1282633721_0,0.005575826429980276,4.8720421624169654e-05,0.0
577038216_259677755_259677752_0,0.022864599605522683,6.682459002019787e-05,0.0
577038217_5532949307_259677724_0,3.6481262327416176e-05,6.981902560481752e-05,0.0
577038228_5532954186_444427132_0,0.0,7.193767678736957e-05,0.0
577038243_5450066815_8581398842_0,4.796844181459566e-06,7.263965350331751e-05,0.0
578087959_5540141533_5540141410_0,0.00011534516765285997,8.040677635389712e-05,0.0
578721294_5544375339_5544375338_0,5.680473372781065e-07,7.400037432852415e-05,0.0
578793651_5544793705_5544793707_0,7.608678500986193e-05,7.149306970753925e-05,0.0
579108374_5481687067_5481687074_0,0.0059815069033530574,5.669537451147516e-05,0.0
579108374_5481687074_5890368041_0,0.00612465483234714,5.6978236023758774e-05,0.0
579108374_5610968570_4814832084_0,0.0061224142011834315,5.556600322925603e-05,0.0
579137302_5547172666_5547172667_0,0.0,5.933862426454129e-05,2.005473758622101e-05
579138762_5547183160_5547183165_0,0.006340386587771203,7.224345380612001e-05,0.0
579157559_5547290632_5547290574_0,0.0009140828402366864,5.322774258451146e-05,0.0
579168902_5547382028_5547382039_0,1.5747534516765285e-05,4.858517680798324e-05,0.0
579176201_1280164925_1280164996_0,2.8402366863905326e-07,9.128014519665848e-05,0.0
579226625_5547759137_12298980339_0,1.5747534516765285e-05,8.478761136160416e-05,0.0
579486750_5889586471_5891946393_0,0.00856669033530572,5.8411524040995047e-05,0.0
579808188_5552103621_5552103633_0,1.5747534516765285e-05,8.330750091628802e-05,0.0
580692782_3713172037_5558220741_0,0.01045084023668639,6.470944447968452e-05,0.0
580692782_5614853156_3713172037_0,0.01048233530571992,6.558340382895164e-05,0.0
580704338_5647034637_5560817863_0,0.0018186351084812623,7.869392084989529e-05,0.0
580743499_5558691499_1634599925_0,0.0,4.677231356843387e-05,0.0
580793419_5558797986_5889649782_0,0.00015482445759368836,6.045513757978767e-05,0.0
580793755_5481716584_4814832044_0,1.1234714003944772e-05,5.757032839334402e-05,0.0
580809806_5558888860_3939921754_0,0.0,6.031757600173845e-05,0.0
581070205_5532660937_5466191743_0,1.26232741617357e-07,6.446350901956436e-05,0.0
581517247_5563847529_5563847525_0,1.925049309664694e-06,5.516418842562164e-05,2.399467754750322e-05
581546853_3417610714_3490086432_0,0.008877759368836292,8.347621695595823e-05,0.0
581814026_5566012576_5566012571_0,6.216962524654833e-06,9.116782355890921e-05,0.0
581814033_5566012590_3465054310_0,2.6193293885601577e-06,9.129722889455583e-05,0.0
582752314_5572534796_5572534792_0,8.678500986193295e-06,6.397514447085441e-05,0.0
582752315_5587356917_5626160301_0,0.048734485207100595,6.350093198731729e-05,0.0
582876664_5479636266_5479636185_0,0.0,5.488327656782926e-05,0.0007721575752861173
583089144_5575048627_5575048620_0,1.26232741617357e-07,5.744014637064633e-05,0.0
583152152_5481908023_5575503982_0,0.00021276528599605522,8.764181368268504e-05,0.0
583852614_3417610697_7762264282_0,0.016396307692307693,8.516837582745474e-05,0.0
583914061_9154251934_7686925683_0,2.657199211045365e-05,8.085877739698579e-05,0.0
583914085_5582145616_5582145582_0,0.02811061143984221,7.847153116727628e-05,0.0
583920222_5479361186_5479361433_0,0.0,5.0898469510338214e-05,0.0004512183762371186
583920352_5582193078_8594386050_0,1.928205128205128e-05,5.004886858988106e-05,0.0
584388927_5586173566_7290036255_0,2.941222879684418e-05,7.694016687558817e-05,0.0
585027091_7290961345_9642639206_0,0.008316781065088758,6.608459893152357e-05,0.0
585105717_5592035375_5592035377_0,0.0,7.079066309813957e-05,0.0
585354559_5433658720_1634599694_0,0.03623914792899408,7.038968123206207e-05,0.0
585354571_5594030209_1634599667_0,0.00774974358974359,7.702613508277684e-05,0.0
585619067_6257926054_5604466792_0,0.012984962524654833,6.852993638098303e-05,0.0
585619068_1282633632_5624109799_0,0.04337461143984221,7.071408373565541e-05,0.0
585619068_5624109832_7488628412_0,0.03954524654832347,6.840767545728399e-05,0.0
585619299_5596022101_5596022105_0,6.721893491124261e-06,7.425812953775179e-05,0.0
586561218_257883981_7262839064_0,0.03323076923076923,7.807398869173537e-05,0.0
587382175_4405708807_9179468994_0,0.006016820512820513,7.409027832132336e-05,0.0
587438474_5611248836_5611248824_0,1.218145956607495e-05,8.013190983263544e-05,0.0
587438476_7687287991_5611248841_0,2.4615384615384615e-06,8.102824718918755e-05,0.0
587453020_5611350187_5611350182_0,9.530571992110454e-05,5.4843299143048904e-05,0.0
587453095_5479691255_5479691291_0,0.006942138067061144,5.474209262005014e-05,0.0
587453095_5892445502_5611350239_0,0.004187455621301775,5.3828007065256814e-05,0.0
587453259_5634493236_1634599782_0,0.004243723865877712,5.815568689748537e-05,0.0
587829166_5948448014_5955786170_0,0.00033069822485207103,5.2097865245611026e-05,0.0
587836906_5614853152_5614853156_0,7.57396449704142e-06,6.60128358646744e-05,0.0
587836913_5614853216_5558222250_0,0.05525797238658777,5.932152057187062e-05,0.0
587836918_5524538964_3977884027_0,0.017305278106508875,4.914446594278044e-05,0.0
587836918_5572641788_5892414409_0,0.042597112426035505,5.2292949500141645e-05,0.0
587978153_5596022190_5596022106_0,0.0031815384615384613,7.431882743149672e-05,0.0
588011922_5449854589_1525685164_0,0.0012039447731755424,6.718734405039046e-05,0.0
588011924_5710652693_5710627345_0,0.016360930966469428,6.969393632382338e-05,0.0
588012367_3364915185_3364915184_0,0.032343794871794875,7.289047300036952e-05,0.0
588838685_5623477884_5623477887_0,0.0,7.233319643549995e-05,0.0
588927756_5558618731_6257926043_0,0.00032792110453648917,7.106122710830534e-05,0.0
588927763_5624109820_5624109831_0,0.0,6.764888684450572e-05,0.0
589124840_5625876783_5549672239_0,1.8398422090729782e-05,5.88789414555266e-05,0.0
589162506_5610725565_5610725564_0,0.02832246153846154,7.449002365415681e-05,0.0
589164857_5626160434_5626160427_0,0.0,5.8672898852485684e-05,0.0
589747966_257883646_7287150685_0,0.003373001972386588,7.705863022748429e-05,0.0
589748173_5631687594_7441368092_0,0.019428481262327418,7.929318493378355e-05,0.0
590328330_3417610743_6836415606_0,0.021897530571992112,8.149361102678706e-05,0.0
590328330_5552103827_614903793_0,0.009982927021696253,8.184844683440613e-05,0.0
590328330_7550579225_5540141410_0,0.015073009861932938,8.062044241494623e-05,0.0
590420397_5586173355_7679700805_0,0.0,7.710208444715063e-05,0.0
590632016_5466451482_5634476080_0,2.474161735700197e-05,6.103167424054787e-05,0.0
590632940_5638794349_9635279458_0,1.2844181459566075e-05,6.696415246807105e-05,0.0
590643609_5397909503_5397911944_0,0.005186051282051282,5.5581764815273174e-05,0.0
590685095_5639065918_5639065911_0,1.1676528599605524e-06,7.998901428837132e-05,0.0
590695694_5639118761_5639118760_0,0.0035074714003944774,6.294051103485779e-05,0.0
590710774_5610782256_7655993319_0,0.0004251834319526627,8.045288700616563e-05,0.0
591475822_5624000117_9255707979_0,0.046200015779092704,7.262204020905562e-05,0.0
591984537_5529722966_3632371699_0,9.865088757396449e-05,7.103070482514477e-05,0.0
592956855_5658006221_5658006249_0,9.448520710059172e-05,4.0359729736261304e-05,0.0
594795290_1525657382_5671002431_0,0.0,7.04323086928409e-05,0.0
600498072_1780315048_1733036329_0,0.005219250493096647,7.277828755243493e-05,0.0
601097925_3364915184_1885287257_0,0.0315396291913215,7.303390174919791e-05,0.0
601097929_3364915186_257555789_0,0.031229570019723867,7.306566151126769e-05,0.0
601099384_4700615496_8597435779_0,0.04126276923076923,8.087989752555474e-05,0.0
601099389_257883989_2207997595_0,2.8781065088757397e-05,8.023230501461618e-05,0.0
601444507_2087459374_2087459298_0,0.0013910216962524655,7.543261488323488e-05,0.0
610080558_5623899076_6261187879_0,0.0612458224852071,6.849710145644632e-05,0.0
623694411_2479836920_5892083301_0,0.00010726627218934912,5.95529760837445e-05,0.0
623705102_1873951652_7540361892_0,0.0003464457593688363,4.586444887113249e-05,0.0
623705102_1873951692_8598895352_0,0.0,4.690806129656185e-05,0.0
623705102_7540628568_6232034678_0,7.873767258382643e-05,4.493316910394922e-05,0.0
623705102_7540649517_6248466555_0,0.0,4.873451306645743e-05,0.0
623773738_5558222250_1282633658_0,0.030536394477317555,5.9114527971079416e-05,0.0
623972649_5892008974_5892008964_0,1.5747534516765285e-05,4.80516882610715e-05,0.0
623974489_5892023664_5892023663_0,0.0,4.08306717774819e-05,0.0
623974822_5892028468_5481784971_0,1.5747534516765285e-05,5.442176266950809e-05,0.0
623974917_5892029296_5892029299_0,0.00026287968441814595,5.622888227952493e-05,0.0
630794249_4950109080_5955775541_0,1.5747534516765285e-05,5.424313238440166e-05,0.0
630794257_5955775570_5955775729_0,1.5747534516765285e-05,5.45436317071248e-05,0.0
645057429_8585675478_3645503739_0,0.0,3.706210267531461e-05,0.0
645057512_6064722844_3023843336_0,0.0,4.049199135081287e-05,0.0
646235695_8575325657_6072491876_0,0.0,4.062581873454175e-05,0.0
646892720_3311208995_6076541566_0,0.005419455621301775,4.438036788390981e-05,0.0
646893765_7278953550_6231115860_0,3.395660749506903e-05,4.3791112155913e-05,0.0
646894083_6805053428_6231144634_0,1.4485207100591716e-05,4.467793236779814e-05,0.0
646894851_6076537320_6231144613_0,1.9566074950690334e-06,4.444269728143699e-05,0.0
646904155_6076613284_3645503740_0,0.0,3.7134973790750436e-05,0.0
655856136_6228607759_6228607821_0,0.01838639842209073,6.825800430221624e-05,0.0
664966729_6224102483_6224102484_0,0.001516560157790927,6.434992133619273e-05,0.0
664966732_263358597_6224103289_0,0.0002030769230769231,6.349452652535116e-05,5.86941222910926e-06
665468574_6228607759_6228607749_0,0.00010783431952662721,6.775757989869506e-05,0.0
666016569_6235325001_6235324999_0,1.5747534516765285e-05,7.239909758047084e-05,0.0
667371303_2434975208_83395979_0,0.004265940828402367,9.329703120560452e-05,1.5462321340396514e-05
667397107_6224102482_4405679978_0,0.0014917238658777121,6.318531704697594e-05,0.0
668178554_6257157050_6257157046_0,1.5747534516765285e-05,8.370282318639187e-05,0.0
668869714_257680989_5172540487_0,0.03487394082840237,9.384568129688438e-05,0.0
670249780_6276730321_6276730311_0,1.5747534516765285e-05,4.334931135669826e-05,0.0
676446685_5448279804_6260953754_0,0.06678630374753451,7.518567558154448e-05,0.0
691872600_6684777021_3311208992_0,1.5715976331360947e-05,3.957694702035149e-05,3.257299495574283e-05
725845136_6197723222_6805519058_0,0.0,5.5602056827142845e-05,0.0
726599600_1885366430_257681546_0,0.016140118343195266,9.254615401496046e-05,0.0
751802310_3645503744_3645503741_0,0.0027028639053254437,3.731542590599792e-05,0.0
752913547_79434052_7265067654_0,0.00013809861932938857,9.171520921466314e-05,0.0
754832206_7051333217_7051333218_0,0.0026264615384615385,8.827295095784488e-05,0.0
756200655_7062868254_7062868255_0,0.00026095463510848125,5.910350110577795e-05,0.0
756874007_3230427419_5582194809_0,0.0004402051282051282,7.915053383722707e-05,0.0
757115965_5596021578_6257926043_0,0.015332639053254438,7.14598408308379e-05,0.0
760439804_1281065811_3426278700_0,0.0,8.569088883908567e-05,0.0
761607560_6836925376_7116089430_0,0.03608675345167653,8.345225267853634e-05,0.0
761611925_7115774453_7115774449_0,0.050947976331360945,8.982270799694346e-05,1.641376613479918e-05
761617737_5631687599_7115867354_0,0.0037596844181459568,7.976021058800483e-05,0.0
761945207_257680894_7119000260_0,0.019553641025641024,9.320062506690878e-05,0.0
771228770_5610782341_5558290674_0,0.009333901380670612,7.893810757517603e-05,0.0
775906976_7119000616_79761950_0,0.009489956607495069,9.305510904473653e-05,0.0
775906977_7119000617_1280172781_0,0.002097104536489152,9.312016820829593e-05,0.0
775906978_7119000617_7118849158_0,0.03985631558185404,9.310611409464722e-05,0.0
777628854_12082384109_1258963736_0,0.007155439842209073,9.030592247282969e-05,0.0
778428293_1885366439_6248755437_0,0.0004297593688362919,9.186026256181472e-05,0.0
778452781_7265832094_7265358206_0,0.028179376725838264,9.283653609029544e-05,0.0
779469312_6836925520_5509986589_0,0.0029040788954635107,8.518423392197809e-05,0.0
780078767_7283870179_7283883790_0,0.020480473372781065,8.772754354937118e-05,0.0
780078768_6257124696_257678969_0,0.0017417278106508876,8.772983985183823e-05,0.0
780078769_9144207913_7283883789_0,0.0017076765285996055,8.769898714200576e-05,0.0
780103595_257678134_257680631_0,0.007827692307692308,9.390701910655144e-05,0.0
780435437_1258963751_79423642_0,0.01940121499013807,8.330304404971216e-05,0.0
781692235_79410763_7048215736_0,0.006416378698224852,9.13903693118544e-05,0.0
781983838_7301026034_5400386740_0,0.0,8.067451007764904e-05,0.0
782305060_3417184997_7305063141_0,0.0,7.291538123213123e-05,0.0
782339922_79416336_3230427843_0,0.006727479289940828,9.03759515295275e-05,0.0
782604330_7308376011_2891410177_0,0.0007092386587771204,9.269925630688936e-05,0.0
782883863_2087459481_7310992113_0,2.7581854043392504e-05,7.711064528873848e-05,0.0
782897519_1282668508_7311131464_0,0.00013125049309664695,8.019202334739652e-05,0.0
782903259_7311202231_5671688440_0,0.04175829585798817,8.573182621979901e-05,0.0
782903264_1287666416_1287666749_0,0.042119226824457595,8.606690972354754e-05,0.0
784130825_5587356917_9636420273_0,0.0,6.361175504069981e-05,0.0
791237001_3645463067_5892002136_0,0.0,4.068709015650593e-05,0.0
791237001_5892023664_5892018393_0,0.002358343195266272,4.1214709253263205e-05,9.57302343140787e-10
791237001_5892023676_8575324681_0,6.292702169625246e-05,4.0609993136873545e-05,0.0
792001543_3418911060_7404205182_0,1.3412228796844182e-05,5.7373897535401206e-05,0.0
803301794_7514257705_7514257704_0,0.03202205917159763,6.176984573239862e-05,0.0001071604988050809
804595227_7525985728_7525985736_0,0.0,4.442400998210781e-05,0.0
805706210_258975562_1733036423_0,0.002666950690335306,7.278622178892994e-05,0.0
805768462_257555789_499290264_0,0.0007835897435897436,7.29944857220496e-05,0.0
806779454_11050398785_7544397621_0,0.0,8.265659708471375e-05,0.0
807041092_5425240755_5182719754_0,5.3932938856015776e-05,6.703586167097604e-05,0.0
807460441_7550839740_7550839753_0,0.012836449704142012,8.113599843867487e-05,0.0
807464852_7550895755_6836415606_0,3.3451676528599605e-06,8.128826538867924e-05,0.0
814919907_1280100274_7612089903_0,0.0,8.728041187095096e-05,0.0
816632851_8499547789_1780515521_0,0.00015820118343195266,8.809774187790598e-05,0.0
816721546_4403683023_2355778051_0,0.015537072978303748,7.832614860703467e-05,0.0
817794263_7637524088_7637524085_0,0.0007122998027613412,9.303207144557839e-05,0.0
819115470_1930142737_270390848_0,0.000853869822485207,9.229668333226429e-05,0.0
820862018_5172540487_5441902575_0,0.023509932938856015,9.393847762589175e-05,0.0
820869012_7051333218_259404722_0,0.002751810650887574,8.790746872019777e-05,0.0
820874735_7663302717_7663302716_0,0.000933207100591716,8.82597710257909e-05,0.0
820895674_2087600605_2087600602_0,1.2844181459566075e-05,8.395234142703696e-05,0.0
820962455_4993723417_4993723419_0,0.0025544773175542406,8.068876863836884e-05,0.0
821304632_3229963274_7668550494_0,1.221301775147929e-05,8.920963351157128e-05,0.0
822179460_7676236115_7676757843_0,0.0014373491124260356,8.023177025910129e-05,0.0
824491224_7698784638_7698784643_0,0.0004222169625246548,9.268989492863786e-05,0.0
824513271_7699005295_7699005290_0,0.025869885601577908,8.67488694913187e-05,0.0
826947484_11572594419_1732908251_0,0.00018625641025641026,7.669397881918328e-05,0.0
831374165_1733036334_1712489509_0,3.149506903353057e-05,7.094377224006859e-05,0.0
83299429_3417185051_257880588_0,0.0028136331360946744,6.613760699036638e-05,0.0
83299554_3418911056_6065707692_0,0.0031413333333333332,6.109181437855666e-05,0.0
839177474_257678729_1282668581_0,0.004358595660749507,9.04673761465092e-05,3.456115768600599e-05
839177475_1282668581_257678730_0,0.010021112426035502,9.054366652604722e-05,0.0
897641505_7632235124_7632235125_0,0.010402209072978303,9.10039457397119e-05,0.0
898586987_5631686892_7654984009_0,3.2284023668639054e-05,8.005323139805137e-05,0.0
909475492_6062745005_6062744995_0,1.5747534516765285e-05,3.201948152020011e-05,0.0010702656888292746
909853813_3023833961_5448280065_0,0.053426650887573965,5.2656671979745555e-05,0.0
909853817_5674028670_6243619503_0,0.0550174358974359,5.5711313483579084e-05,0.0
909862499_6205322993_6205324420_0,0.0025347534516765285,4.246178742008539e-05,0.0
913502978_7550558964_7550558966_0,0.006707376725838265,7.808535975713701e-05,0.0
913502979_5595924312_3058436443_0,0.0071109428007889545,7.810245654126469e-05,0.0
914986649_1731448635_8499505014_0,1.5747534516765285e-05,8.850727064146503e-05,0.0
918634391_79410759_10063034507_0,0.0008590138067061144,9.136620390106504e-05,2.3103679360169424e-05
918635800_10063034482_7048215771_0,0.0054785956607495065,9.146259691735165e-05,0.0
923768514_8575035315_8575035300_0,1.5747534516765285e-05,4.363924238114427e-05,0.0
923796732_8575324681_5892023679_0,1.6757396449704143e-05,4.051994737628293e-05,0.0
923798572_13119441040_13119441046_0,5.996055226824458e-06,4.034065152558355e-05,0.0
925195156_8586422125_8586422124_0,1.5747534516765285e-05,7.055584844127641e-05,0.0
925271411_8587102752_8587102749_0,1.5747534516765285e-05,8.76371309470778e-05,0.0
926639731_8598608593_7441053697_0,0.0,5.744064098536317e-05,0.0
926686935_8598978476_8598978475_0,1.5747534516765285e-05,7.253041668020232e-05,0.0
93790073_259147026_259147032_0,0.0005031321499013807,8.063060954822218e-05,0.0
93790088_1280100249_3230610161_0,0.007474840236686391,8.393843535433663e-05,0.0
93790088_1731470835_257679832_0,0.02719876923076923,8.517571014502592e-05,0.0
962889541_6822732770_9485948305_0,0.0,8.151729191618339e-05,0.0
964481022_7548103204_1679284992_0,0.01948983037475345,8.862107721536956e-05,0.0
964481023_3229755672_7290744763_0,0.0,8.840825134660883e-05,0.0
964488957_1280100249_3230426777_0,0.005048015779092702,8.387361244072353e-05,0.0
970010370_8295873745_1885366430_0,0.00596676923076923,9.25646305950184e-05,0.0
970010371_7046165585_8295873745_0,0.005125175542406312,9.256788139808337e-05,0.0
982797171_1258963678_2087459709_0,0.017777861932938857,8.03528371608138e-05,0.0
9859853_266525226_79417924_0,0.0407440157790927,9.15135898234358e-05,0.0
9859853_79433498_271845975_0,0.04210515187376726,9.12632369595358e-05,0.0
9860600_9534298227_3506353952_0,0.0009618934911242603,8.800245110906974e-05,0.0
9860623_1930133852_13247141623_0,0.0014933648915187376,9.064772892114771e-05,0.0
9860623_1930133852_1930133845_0,0.0005938303747534516,9.041388670932073e-05,0.0
9860623_256554298_5397653253_0,0.00013219723865877712,8.938880627397432e-05,0.0
9860623_79433498_13247141623_0,0.00018802366863905325,9.093532429150353e-05,0.0
9860623_79767259_5428407278_0,0.0008091518737672583,8.876640024913402e-05,0.0
9860832_7637989422_257094447_0,0.04160659566074951,9.22657321735344e-05,0.0
987276063_4708547142_13132500815_0,0.0,8.669912135769348e-05,0.0
9873322_1885366430_5463885454_0,0.003503526627218935,9.245203854809212e-05,0.0
9873322_5463885454_1930154697_0,0.003547613412228797,9.221572295819777e-05,0.0
9873393_79770414_79770417_0,0.06588661143984222,9.263256209036288e-05,8.75278348124663e-06
987967683_9131929107_7048230805_0,0.00017950295857988165,9.107264892847962e-05,0.0
987967684_5442371532_9131929108_0,0.0001538145956607495,9.103395579140224e-05,0.0
989880032_9148187234_9148187230_0,0.0,8.509414918868243e-05,0.0
990433459_9152103473_1859271699_0,0.0008923076923076924,7.520687760614651e-05,0.0
990637312_9153672030_9153672024_0,0.001948844181459566,8.552203836001518e-05,0.0
990833253_9154987425_3230310836_0,0.032289483234714006,8.762470662470898e-05,0.0
990856741_1884000993_9155236998_0,1.5747534516765285e-05,9.050253311054651e-05,0.0
996239280_3023843552_9199310156_0,3.420907297830375e-05,8.697392989944643e-05,0.0
"[1001384166, 182323900, 182323902]_6257965261_1926772422_0",0.03776845759368836,9.278063675957816e-05,0.0
"[1033679818, 93790091, 23954427]_3450212159_444701995_0",0.001978792899408284,7.487346739254948e-05,0.0
"[1033828257, 1429162716]_3461892898_2355223980_0",0.0,9.356485903413593e-05,0.0
"[1038713480, 1302634877]_3417610584_7611465764_0",0.038580923076923075,8.946951691412571e-05,0.0
"[1046106044, 334657019, 369946012, 1046106045]_3589030850_257880588_0",0.0014457120315581854,6.621729082792086e-05,6.234070038223217e-05
"[1050925458, 1302235501, 1213520018]_2353006934_79416337_0",0.010201214990138067,8.990267082105983e-05,0.0
"[1057663387, 820911239]_3498453683_7663632722_0",0.001888,7.611426660344728e-05,0.0
"[110156000, 565824388, 166613175]_7436372084_258975182_0",0.011160047337278106,8.569670915615252e-05,0.0
"[110163899, 777628854]_257677211_3496328271_0",0.006042571992110454,9.058756974112818e-05,0.0
"[110163912, 1182960706, 166615194]_257675919_1780515415_0",5.835108481262327e-05,7.508008861960354e-05,0.0
"[110163915, 110163911]_257675942_2087459535_0",0.0007619723865877712,7.572383090484855e-05,0.0
"[110163920, 251733786, 110163908]_1281134765_79766400_0",0.020314729783037475,8.535550096074385e-05,0.0
"[1125562507, 112669204]_7830949961_259668137_0",0.030249562130177515,9.259358463775131e-05,0.0
"[112768329, 1040442588]_1281134744_1281134792_0",0.0003210414201183432,9.187558257751227e-05,0.0
"[1152656416, 914369511, 914369512, 565198097, 565198101, 1152656415]_257675496_257675864_0",0.00070567258382643,8.201873859633218e-05,0.0
"[1155727232, 800419332]_7457884544_7484188952_0",,,0.007420042275567914
"[1176932109, 1176932110, 578353745, 578353842, 578353821]_1634600012_5542006410_0",9.360157790927022e-05,4.7149677483421094e-05,0.0
"[1182960707, 166615195, 1379627837]_1780515422_1780515475_0",2.736094674556213e-05,7.437793259235162e-05,0.0
"[1182960713, 1182960699, 1182960700, 1065783861]_9787430095_6485031882_0",0.0,5.147526985805289e-05,0.0
"[1225341633, 464945170]_4599924256_4599924280_0",0.0004584142011834319,7.398105891177784e-05,0.0
"[1229607248, 581872415]_5566389838_5566389856_0",0.004417704142011834,8.270070355914424e-05,0.0
"[1280540493, 573371774, 573371773]_5397732100_259677677_0",0.0019769625246548322,8.219663182323813e-05,0.0
"[1282802416, 1282802412, 1282802415]_5466451482_5466451472_0",0.005211329388560158,6.14125605010396e-05,0.0
"[1302235507, 161143262]_1282152263_257678156_0",0.013104852071005917,9.155252186025096e-05,0.0
"[1302235514, 519182419, 519182421, 1302235511]_7287175505_4177870082_0",0.0227505483234714,8.87512089567697e-05,1.4053681390433208e-05
"[1302235537, 358295142]_5895238891_3632371710_0",0.014750927021696253,6.355987062994851e-05,0.0
"[1302235538, 1302235542, 1302235498, 1302235543]_257555798_5449854589_0",0.013382090729783037,6.688480213861624e-05,0.0
"[1302466491, 709176348, 709176349, 912872039]_7607816630_8480171361_0",0.020362130177514794,8.746136608633217e-05,0.0
"[1302634880, 334701760]_5358474379_5509786216_0",0.03232403944773175,8.544856487494893e-05,0.0
"[1302634888, 1302634886]_257679850_7551322559_0",0.026766201183431954,8.197475595832511e-05,0.0
"[1302634890, 1302634893]_7544008775_5533230778_0",0.029570777120315583,7.723362305735828e-05,0.0
"[1302641912, 913357025, 1131069659, 298470053]_8574320257_3362956379_0",0.0882661932938856,8.432655519990018e-05,0.0
"[1302641915, 1302641916, 334798349, 334798350]_3445288281_3023843552_0",0.08745644181459566,8.589410185097515e-05,0.0
"[1302641924, 1302641926]_1282678412_259674924_0",0.06302794477317554,9.24885048651574e-05,0.0
"[1302737889, 23798117]_6257275515_79770445_0",0.03381677317554241,9.272429043703387e-05,0.00015069853379748047
"[1302737893, 1302634870]_64695853_64695860_0",0.04250310059171598,9.328444303016312e-05,0.0
"[1304017648, 334657010, 1304017644, 1127711261]_3417185005_3417185021_0",0.0,7.390157894537829e-05,0.0
"[1428764836, 1428764837, 1428764838]_13134321574_13134321573_0",1.5747534516765285e-05,6.27025804213512e-05,0.0
"[1428948728, 1428948729, 1428948730, 1428948731]_13135879658_13135810790_0",1.5747534516765285e-05,5.307996098578929e-05,0.0
"[150561813, 589121782]_5624111871_5625848640_0",0.013922493096646943,7.301707550924637e-05,0.0
"[159148578, 552032684, 552032687, 334975696, 334975695, 174324117, 831374165]_1733036396_1733036334_0",6.627218934911242e-07,7.243227775605444e-05,0.0
"[161143472, 775906983]_5527025815_79761955_0",0.07580026824457593,9.30238397793616e-05,4.362297756298932e-06
"[166585158, 161312808, 552032683, 552032688, 334975697, 334975698, 831374166, 174324119, 166585148]_1733036483_1733036382_0",0.0,7.180896819964168e-05,0.0
"[166613155, 23954605, 316795635]_5025737625_5020481544_0",0.03151905325443787,8.801861787152061e-05,0.0
"[166613172, 166613174, 112765615]_4985177837_1281065638_0",0.00019092702169625246,8.665722101206918e-05,0.0
"[166614890, 573365659, 573371043, 166614902]_1780515439_2087459487_0",0.0005303668639053254,7.525825288543646e-05,0.0
"[166614906, 582957131, 582957132]_257675919_257880537_0",0.0005591163708086785,7.585586342495316e-05,0.0
"[166614920, 23908684, 93790094, 93790064, 166614928, 93790097, 166614931, 93790073, 166614939, 166615197]_1780515475_259147026_0",0.0005278422090729783,7.730669565850044e-05,0.0
"[174522144, 562364577, 166614912, 93790085, 166614919, 564284818, 564284819, 93790070, 815189851, 815189852, 562364574]_257675864_257675898_0",0.0007319605522682446,8.268696416999268e-05,0.0
"[174651512, 1098992313]_79768683_1282152286_0",0.0088770966469428,9.141173172218795e-05,0.0
"[175319002, 175319003, 175319004]_3485572669_7278676987_0",0.0008553214990138067,7.57667138805671e-05,0.0
"[178007411, 178007420, 562713215]_1884000988_1884000983_0",0.04634669822485207,9.156217522018899e-05,0.0
"[182650922, 1374132773, 1374132774]_1930113759_1930113755_0",0.0,9.273670446655271e-05,0.0
"[195750566, 726637382, 726637383]_2061700438_3023833995_0",0.039518895463510846,5.1700835109749e-05,0.0
"[198469106, 198469108, 23960150]_259752924_259752954_0",0.0004081420118343195,7.958510213843672e-05,0.0
"[198469109, 754840383, 23960143]_259752921_259752935_0",0.0007240710059171597,8.16794493233392e-05,0.0
"[210729553, 210729554, 166613175]_258975182_257554823_0",1.7893491124260356e-05,8.671647663325506e-05,0.0
"[226848678, 565282031]_5447342803_7651129883_0",0.0014574516765285996,8.330327698087951e-05,0.0
"[235592850, 668185395, 668185396]_6257221468_2436559591_0",0.0004032820512820513,9.137323250854613e-05,0.0
"[23781743, 23781742, 1057952919]_79424401_9153672030_0",0.021205932938856017,8.561987267077838e-05,0.0
"[23797872, 83299435, 83299429]_5566150546_3417185051_0",0.003420749506903353,6.365799570714872e-05,0.00010553435263250281
"[23953992, 24040490, 562713214]_1280109829_6837136334_0",0.05651850098619329,9.169682916224865e-05,0.0
"[25006169, 668185133, 668185134]_79434051_271845975_0",2.3258382642998026e-05,9.143391660774473e-05,0.0
"[298470042, 1302729509]_5512938765_5558525517_0",0.05528265088757396,6.046236012794942e-05,0.0
"[298470048, 778756337, 778756338, 666593877, 666593878, 778756341, 378132666, 726637435, 726637436]_6241117045_3023833995_0",0.003649767258382643,4.8571317006070855e-05,0.0
"[298470049, 726637381, 778756339, 778756340, 778756342, 666593879, 666593880, 726637433, 726637434, 475275579, 298470045]_3208875983_6106823904_0",0.006079905325443787,4.873616725530241e-05,0.0
"[298743804, 198639079]_2087459487_7051409943_0",1.5747534516765285e-05,7.263206279420245e-05,0.0
"[328984964, 562398534, 328984967]_2353016833_5409087157_0",0.0022855384615384617,8.557646446642116e-05,0.0
"[328984971, 334975684, 563243525, 509266935]_1281065767_5611339910_0",0.050695952662721894,8.831645675103687e-05,0.0
"[329414739, 1079932348]_6485033393_3418911071_0",0.00014172781065088758,5.1545627811301395e-05,0.0
"[334657009, 1304017645]_9113345519_3417184995_0",0.0002313214990138067,7.421769878933118e-05,1.3436262705752461e-05
"[334701753, 1302634881]_259147115_5428718898_0",0.04359072189349113,8.87802560668251e-05,0.0
"[334701754, 334701755, 581546853]_3417610719_5444700251_0",0.021853443786982247,8.425568697305102e-05,0.0
"[334798345, 110163898, 817767717, 620754135]_7035012659_3418910995_0",0.008025057199211046,7.559684638164946e-05,0.0
"[338135282, 667620515]_3417171204_1281065693_0",0.00026158579881656807,8.780647163600828e-05,0.0
"[344281594, 987309652, 987309654]_9125928124_9125928127_0",0.04989813017751479,8.735529877252074e-05,0.0
"[345217730, 1199390557, 510479183]_11572594453_259405379_0",0.0015369467455621302,7.694238281653734e-05,0.0
"[378132661, 725788958, 725788959]_6076530191_6280629251_0",0.00032340828402366864,4.435609442722649e-05,0.0
"[383732009, 226501751]_9647750538_13038465565_0",0.0006581143984220907,7.70129280918273e-05,0.0
"[417459642, 490620927]_257677478_1280164912_0",1.723076923076923e-05,9.217103325782344e-05,0.0
"[447217768, 1304017638]_3230610082_2355778054_0",0.016039005917159763,7.991895793479911e-05,0.0
"[476926736, 573873540]_7260225954_4703466199_0",0.0,7.503349242127846e-05,0.0
"[507792028, 112968781, 507792030]_7663266958_11572594424_0",0.0007030532544378698,7.703310341476344e-05,0.0
"[518621832, 568039581, 342881454]_3498403833_5474599191_0",8.520710059171598e-06,8.574653858976872e-05,0.0
"[519182418, 1302235516, 1302235517, 519182422]_7290818321_7287175503_0",0.021575889546351083,8.88457099378494e-05,2.9287771138643327e-05
"[519182424, 601219664, 1302235512]_79416355_258974199_0",0.05272018934911243,8.853904261737404e-05,0.0
"[529855141, 558679054, 514753999]_259680444_7654285531_0",0.0016581301775147929,9.211209804288717e-05,0.0
"[558959129, 769605594, 9860758]_64695860_79433142_0",0.0008359132149901381,9.320236666720011e-05,0.0
"[559700954, 1255468670]_5397805805_5466289930_0",0.00010704536489151874,9.144843346698333e-05,0.0
"[559976736, 586481933]_4710180192_5400407840_0",0.00010155424063116371,6.225946086800336e-05,0.0
"[561435459, 561435460, 390582327, 800670010, 800670011]_3937480280_4124938022_0",0.005362903353057199,5.742413763873625e-05,0.0
"[562401808, 820898917, 1029488856]_7663237533_1859271735_0",0.0030482366863905327,8.0907527503068e-05,0.0
"[563210594, 343829117]_3506353964_3506354002_0",1.5747534516765285e-05,8.735681551033656e-05,0.0
"[563243518, 334871263]_3419911925_5428350719_0",4.307692307692308e-05,8.675555925320304e-05,0.0
"[563243521, 601223275, 563243540]_5428354170_5611339912_0",0.0003267534516765286,8.846160050944784e-05,0.0
"[563512736, 181393825, 561196858]_259752919_1918339031_0",2.900197238658777e-05,8.269051180727731e-05,0.0
"[563802053, 499747022]_1780498170_4909836095_0",1.265483234714004e-05,7.698286055192225e-05,0.0
"[564644776, 564581560]_7300920346_3522047680_0",0.0002450177514792899,8.664289415123821e-05,0.0
"[565345017, 23781897]_257681327_257681544_0",0.005789917159763314,9.232348648162953e-05,4.903212696542716e-06
"[567244666, 882258589]_3230468627_3527431893_0",2.231163708086785e-05,8.480509353409587e-05,0.0
"[570130741, 630794167, 780426296, 661625913, 661625914, 661625915, 780426297]_5955775159_6193980816_0",,,0.0034325516366481798
"[570166204, 182650924, 570166193, 570166198, 570166199, 759535964]_9708978647_1930113737_0",0.0,8.837968610859526e-05,0.0
"[573371073, 573371045, 573371048, 166614890, 573371052, 573371056, 93790099]_7278676986_7270924419_0",0.0016365128205128206,7.574443679965662e-05,0.0
"[573371080, 1033679817, 552270825, 1033679816, 175318998]_1859271699_4994794444_0",0.0016739723865877713,7.524273788312837e-05,0.0
"[573371084, 573371087]_444701995_1747249560_0",0.0019363786982248522,7.52124633329017e-05,0.0
"[573856185, 573802135]_13135853966_5509904902_0",0.0,8.527093738369224e-05,0.0
"[574251121, 574251122, 964479453]_259752093_258972983_0",0.003852276134122288,9.255056764279933e-05,0.0
"[576598348, 1447344150]_13131009714_5530036201_0",3.78698224852071e-06,5.822032362642883e-05,0.0
"[580706048, 580706049, 23960069]_256589551_9167180383_0",0.00411556607495069,9.259938429163618e-05,0.0
"[580793746, 570135909]_5479269041_1634600005_0",0.0019722287968441813,5.2268300124627484e-05,0.0
"[581437912, 581437913, 587453236]_5541714476_5892107302_0",0.003242508875739645,5.000053076105701e-05,0.0
"[581437913, 579449268, 579449269]_5532703379_1634600122_0",0.0035045049309664696,4.8745232784961156e-05,0.0
"[581814024, 581814025, 316819481]_4979460967_7310836850_0",0.0004161262327416174,9.055122083703034e-05,0.0
"[581814044, 339487772]_1287666722_5026133321_0",0.0005078658777120316,8.909567137534898e-05,0.0
"[582957129, 582957130, 166614938]_257880539_1780515475_0",0.0005162287968441814,7.490275439884131e-05,0.0
"[583355906, 1302729491]_3932267844_5623962582_0",0.049217641025641024,7.442019929391028e-05,0.0
"[583355908, 756805023]_5651156484_5577194733_0",0.0008951479289940828,7.187962862212908e-05,0.0
"[583355921, 590695718, 592005167]_13135892603_6817043917_0",0.007284197238658777,5.641544774816037e-05,0.0
"[583921056, 923644725]_5582194769_8573939929_0",1.5747534516765285e-05,8.266318270687685e-05,0.0
"[585655720, 585655721, 1042239158]_7428670549_6257541993_0",0.0028723313609467457,7.988621912221836e-05,0.0
"[586561208, 475916914]_3076919517_4695967950_0",6.2485207100591715e-06,7.541436608877103e-05,0.0
"[587381952, 589748026, 590205516]_9156958962_5631686892_0",0.004681562130177515,7.98779191445975e-05,0.0
"[588029721, 588029722, 588029699]_5449854590_5449854589_0",0.0009181538461538461,6.691269678720938e-05,0.0
"[590632836, 623962590]_4822321725_4822321405_0",0.022280741617357002,6.219475615005762e-05,0.0
"[600498074, 594136972, 24884701]_8594182706_5549813229_0",0.0006822564102564102,6.780746832956002e-05,0.0
"[601219665, 601099371]_4708546923_4177870082_0",0.04677061932938856,8.800950470840559e-05,6.293361324693216e-05
"[601555576, 395215005, 395215006]_3979162939_3981253272_0",0.0016595187376725838,7.55409206339159e-05,0.0
"[630792400, 1413202234, 664074851]_5955760502_12987232303_0",0.00013604733727810652,5.823064232848054e-05,0.0
"[630794595, 691561165, 691561163]_5955785980_5955786088_0",0.0,5.038481851797022e-05,0.0
"[656914804, 588639875, 588194676]_8601315496_6153121386_0",0.0017652702169625248,7.363738015112698e-05,0.0
"[656918792, 656918817, 565824387]_4909836114_6801155735_0",2.4299802761341222e-06,4.9469321986848476e-05,0.0
"[656918795, 583355916, 656918799, 656918805, 656918810]_6153146526_4909836170_0",0.0,4.963008596628305e-05,0.0
"[665480985, 665480971]_6228729390_5541197859_0",0.00014172781065088758,4.9813455779405454e-05,0.0
"[667393179, 667393180, 23954484]_1258887678_259674914_0",0.0316108875739645,9.224291340521827e-05,0.0
"[667393180, 667393179, 23954484]_259674914_1258887678_0",0.0316108875739645,9.224291340521827e-05,0.0
"[667613816, 667613817, 198469104]_259752910_259752911_0",0.0016495463510848127,7.750612792057675e-05,0.0
"[702956497, 9860898, 761168011]_64695858_79435423_0",0.04119801183431953,9.319135497461782e-05,3.8638029731640054e-05
"[726637384, 726637385, 195750556]_3208875983_7488073681_0",0.04639775936883629,5.171323977042033e-05,0.0
"[739465788, 23714885]_64696762_64696477_0",0.005654374753451676,9.35915032144371e-05,0.0
"[759546123, 759546124]_3492766244_257680896_0",0.008696394477317555,9.32229327475296e-05,0.0
"[761168009, 174878794, 1302634869, 778452785]_7111568989_1855264084_0",0.024558453648915186,9.313736531732159e-05,1.8597369067254986e-05
"[761168010, 1302634868, 583267783]_79435423_256589553_0",0.04119065877712032,9.29502793629643e-05,0.0
"[761930450, 761930459, 761930455]_7119000616_79761949_0",0.04245686785009862,9.288869001232468e-05,0.0
"[761930456, 1302641930, 10117515, 817836895]_2434975208_260682630_0",0.026878232741617356,9.308968318024259e-05,1.21917566706679e-05
"[761933025, 761933028, 110163893]_1930113759_7118849158_0",0.012167542406311637,9.291987639803731e-05,0.0
"[778146837, 912649374, 413704303]_2641777178_8478037380_0",0.0,5.694694576941437e-05,0.0
"[778428294, 1447061807]_6248755437_3494733316_0",0.006465514792899408,9.165381449124737e-05,0.0
"[780730058, 780730059, 1418196012, 676496910]_4403683037_4403683043_0",0.0057288205128205125,7.677865224790772e-05,0.0
"[782903260, 782903261]_7311202230_7311202221_0",0.012542358974358974,8.563895549160645e-05,0.0
"[791602289, 923725461]_7400378253_7531376662_0",0.0,4.198674110828545e-05,0.0010366801970590595
"[792376396, 564579326, 564579327]_2353013043_5426215210_0",1.5747534516765285e-05,9.182602828163356e-05,0.0
"[794262064, 794262065, 582834170, 584388928]_3417609518_5586172078_0",0.005303573964497041,7.654788729293758e-05,1.1525599677566205e-09
"[794590832, 565817013, 794590831]_5448279814_6801155735_0",1.3317554240631164e-05,5.009223615025408e-05,0.0
"[800611581, 800641484, 800641485]_7509792066_13136001795_0",0.0,4.922884719521137e-05,0.0
"[803301793, 808651330, 589164709]_5626160301_7514257698_0",0.04869765680473373,6.310513704083613e-05,0.0005997486444851574
"[812741445, 304104535]_7591307093_3086244335_0",0.059095921104536486,8.692371794888186e-05,0.0
"[814458155, 814458157]_5444554184_7301351648_0",0.0008459802761341223,8.645426400921619e-05,0.0
"[814896282, 814896283, 814896284, 814896285]_7611849585_7611849603_0",0.027525143984220908,9.037137753367864e-05,0.0
"[816503432, 226844834, 565282021, 161507078]_12639060894_5444700236_0",2.057593688362919e-05,8.238884098488462e-05,0.0
"[824513272, 1236148545]_257677224_5492556852_0",0.01787228402366864,8.762056208005799e-05,0.0
"[824513272, 1304017636]_5492556852_257677470_0",0.017840788954635107,8.681545375076273e-05,0.0
"[83299554, 83299516, 23797862]_8586048137_3418911056_0",0.00594742406311637,6.251572709183065e-05,0.0
"[909853816, 1302729516]_7488272508_7488272511_0",0.04471302564102564,5.5072191171969535e-05,0.0
"[915855425, 166585154, 166585156]_258975551_1733036396_0",8.003155818540434e-05,7.493350492294527e-05,0.0
"[925054486, 925054487]_8585208177_8585208170_0",3.78698224852071e-07,4.4009234754130406e-05,0.0
"[925054490, 925054491]_8585208173_6076536274_0",4.102564102564103e-06,4.410685541905151e-05,0.0
"[925176122, 925176123, 925176124]_8586141072_1733036372_1",0.0,6.962936850056556e-05,0.0
"[93790083, 93790070, 93790087]_257675898_259147314_0",0.0005677001972386588,8.317372729180721e-05,0.0
"[9860145, 1302466485]_5475150697_3230610115_0",0.019484307692307693,8.106906799954934e-05,0.0
"[993023525, 1302729495]_5596020550_5560745253_0",0.06322556213017752,7.055507893375445e-05,0.0
"[994845800, 477437278, 576587263]_4707938784_2353016839_0",0.003499897435897436,8.449913709564547e-05,0.0
