here_geometry_hash,osm_composite_id,match_method,distance_m
ea4622f303ec9ae367254ab423e042c4,574367901_5616754060_5616877637_0,intersection,0.0
fe82438629c6c9e13451ea046698c7c7,574367901_5541780423_4403683051_0,intersection,0.0
cb2ffd0b03ddf3e4cdb1961d82731485,"[334798345, 110163898, 817767717, 620754135]_7035012659_3418910995_0",intersection,0.0
a3fd034757c5cca30a81d5b9d4ee1707,"[780730058, 780730059, 1418196012, 676496910]_4403683037_4403683043_0",intersection,0.0
313b73063b3525887d702aca78e29047,574367901_5616754060_5616877637_0,intersection,0.0
5b9610aa58c88bc2119b0ab3bdde32c6,574367901_5541780423_4403683051_0,intersection,0.0
53b2fd2ba713eefbbbc805c3809f9ef7,442697987_5509807722_8586761803_0,intersection,0.0
94d37d0f19bce32963e617c54aeb0128,"[780730058, 780730059, 1418196012, 676496910]_4403683037_4403683043_0",intersection,0.0
9d0fa975a8ce0523acc29c7513a74239,"[573856185, 573802135]_13135853966_5509904902_0",intersection,0.0
2fc7b2b333696dc8bbb981726b67779a,814919907_1280100274_7612089903_0,intersection,0.0
b6fe4f9350f9fe64f19158131b5ee14e,779469312_6836925520_5509986589_0,intersection,0.0
8c40cdc5b6998c147c07d4cf17e69a9e,316876300_3230610538_3230610534_0,intersection,0.0
97f098b945d492c70a7de3f17e842d0f,161147482_257679947_9217711015_0,intersection,0.0
811608f61bec49af4b1879c5fd5e2029,316876407_1731470807_9217702005_0,intersection,0.0
31039880f0072d2cea4fe071f71adb2d,816632851_8499547789_1780515521_0,intersection,0.0
287d32a4d0b57006544952676ed42b01,914986649_1731448635_8499505014_0,intersection,0.0
8299878c1000cbcfffb6f6bfe5472e4e,198643991_3230310678_2087600678_0,intersection,0.0
37736452110df38a5f45257babc88502,198643991_3230310678_2087600678_0,intersection,0.0
89f5002294d29f901b4e4e859ca944d0,112660810_2355887054_1280100555_0,intersection,0.0
58ec3b1c798d78ba539fe7954f6edf78,563575146_1280109847_1280109874_0,intersection,0.0
b046ef6d9e0a999174522eb526c754ea,565670146_6257695232_3230310846_0,intersection,0.0
17610f3007e46bd56eb7b14bd35e00b1,182652654_7298150821_84500193_0,intersection,0.0
50a25bf5162166e8cd18272e3fd4b402,1268167486_79428875_9465414952_0,intersection,0.0
a567069d031a7a55c2ea213fe0d6e705,561420695_84500089_2399263794_0,intersection,0.0
0447db70aadfe4db207717faec374aa4,9859853_79433498_271845975_0,intersection,0.0
8de1a16e744dfa2798cb897b840f8555,568063923_5482129772_5466183227_0,intersection,0.0
bae1310153b0e547bb0621a643c3e4b7,1026628845_9465414940_9465394813_0,intersection,0.0
4c30213d8589c76c42f5c3f410e5c356,9860600_9534298227_3506353952_0,intersection,0.0
dde7ec371acde0078c450927552a24da,1026628845_9465414940_9465394813_0,intersection,0.0
b8fdd99dd69a0373b1effc14d96f8a9c,9860623_79767259_5428407278_0,intersection,0.0
a8d75aecfc27c66f68ddcd857449e0a3,1364428028_9465414927_9465414953_0,intersection,0.0
570eab61cba54c371541dd6ab0c02a1c,23781786_7562613276_256554298_0,intersection,0.0
a38d90e797c24545bbab2c751306ea70,23781786_9465414953_1281134866_0,intersection,0.0
e629f9bfecfa8dee43b2b19365628eaf,112660810_2355887054_1280100555_0,intersection,0.0
a26fe29b2e81565be79d2dd5b2c84b71,565670146_6257695232_3230310846_0,intersection,0.0
c96dc17d5b77d1363f957ec1f9be80a7,"[25006169, 668185133, 668185134]_79434051_271845975_0",intersection,0.0
98546971acbbdabc71e57552ad5dc780,563542556_13302944527_5397499868_0,intersection,0.0
7253985b93ed672b220b01df32b260d1,914986649_1731448635_8499505014_0,intersection,0.0
dcc4c5c42773c31bc270db687344ef70,563575146_1280109803_1280109843_0,intersection,0.0
f914b838cb5f0ac39d3ace456c659eda,226854377_13302873938_2355887036_0,intersection,0.0
95b56421096904deafc6a04d80c57251,23953992_1280100124_1280109829_0,intersection,0.0
b6e18a3b143fae0bae66985a666ba2b5,112662273_1280109843_1280109829_0,intersection,0.0
260823721b415ecdb15af6db5786c2bf,9860623_79767259_5428407278_0,intersection,0.0
70cf7915be35b5d9cff678282b9270d3,9860623_79767259_5428407278_0,intersection,0.0
c0385ab5365b463916f0c7679c702da5,9860623_79767259_5428407278_0,intersection,0.0
062ce9fd08c728cccd8981301e674080,23692375_1930133821_79767257_0,intersection,0.0
a7b62f5b4e0239f5742d28a3940a7954,174884368_79424407_79424408_0,intersection,0.0
9859e91b72599cebe7ab067c2707a9e0,"[563210594, 343829117]_3506353964_3506354002_0",intersection,0.0
4d1a9ffd80ea9ee708f6c3dc5913f405,1394860502_79430618_79430619_0,intersection,0.0
41b77adcd14a2c0c16c0c23e95d66a0a,9860623_79433498_13247141623_0,intersection,0.0
ce6b97f45c8327d7300b39c45570dcd0,9860623_79433498_13247141623_0,intersection,0.0
dc66dcbe55d5e9e31244e690d7513a74,9860623_256554298_5397653253_0,intersection,0.0
def2ec2e609015ea2da3d5ab1e2eb995,9860623_256554298_5397653253_0,intersection,0.0
436c78c27617bd66f1c1c6bf70d55bb9,23781786_7562613276_256554298_0,intersection,0.0
165986fc970418170e0907ed751cb12b,24884648_258973405_262695608_0,intersection,0.0
55053c4cccf9040c4fe817f73cf4a979,24884648_258973405_262695608_0,intersection,0.0
430e8664a549d28a569f8ba471215294,563570440_5430865112_5430865106_0,intersection,0.0
8607eaf8a640e0a865158d81b8c20838,820862018_5172540487_5441902575_0,intersection,0.0
18ba938036602c7936b0f2d6212d4944,182658919_257680942_1930206400_0,intersection,0.0
7bbf628e038a27da7936025f7af1c975,182658919_257680942_1930206400_0,intersection,0.0
85213a2073df3ba66f583196b9e9e911,1447853727_7290191031_13284311660_0,intersection,0.0
24c9ff7b02276b8621a98546bd0e885e,226762914_3462926801_5414066983_0,intersection,0.0
a4cd9e487f1c956cd3611610b0c295a5,668869714_257680989_5172540487_0,intersection,0.0
874bac236e6b17289da6c48acb88b8e6,182658929_266525264_1930206367_0,intersection,0.0
010527c21abacc136ae58d564096699d,182658930_1930206307_257680619_0,intersection,0.0
c8046d9c4d962c877da6a2e1af71c515,23714885_2436084680_64696762_0,intersection,0.0
6774083eb8fca4d7f71419a29ed6c32e,182658929_266525264_1930206367_0,intersection,0.0
56ea364da879a913260d7ed449870a9b,226762914_3462926801_5414066983_0,intersection,0.0
97d5c0ecb30c140eb3f288a841a17cc2,668869714_257680989_5172540487_0,intersection,0.0
d705c028814437e68114c5255effb0e4,778452781_7265832094_7265358206_0,intersection,0.0
faf4865b8577a88b1370fb85a6782dd0,23892631_64699979_5456240080_0,intersection,0.0
e5cc6a9f4bf1966d3945e8278e2e88a8,24884648_258973405_262695608_0,intersection,0.0
1147b6112e9f2f8f2a999f71748c061a,182658117_1930181780_257680624_0,intersection,0.0
7e25fa5c27a8274e8573a17f1677297d,564510887_260686563_1280115415_0,intersection,0.0
5c0a9ba5350361e803ea3597751b9828,564510887_260686563_1280115415_0,intersection,0.0
c5e7308149879d19234d174979d9469f,"[235592850, 668185395, 668185396]_6257221468_2436559591_0",intersection,0.0
cb820a78300e18607417563f8cf005e6,9860832_7637989422_257094447_0,intersection,0.0
822ef28078f68574d069bff9452639e2,"[112768329, 1040442588]_1281134744_1281134792_0",intersection,0.0
57e2d4cec4a3f800d97e4fac23fb5774,"[1125562507, 112669204]_7830949961_259668137_0",intersection,0.0
febf68ac9165494754cd2aff94d0702d,1127721761_5510245172_259668206_0,intersection,0.0
600567cc23920b115ae549e3a6687327,110163913_270390846_257094446_0,intersection,0.0
0791f3b2dc78c19057f540bc3536c466,23953945_1930113755_3492762025_0,intersection,0.0
76970d8fcdb8644997f2ea6ad66605cb,23953945_1930113755_3492762025_0,intersection,0.0
2599d18f78783a7e38d0eb6f7f32219d,23798118_2353013043_1282678418_0,intersection,0.0
f698bcbb6b44698cf3ec83857c5b1066,560949962_259674917_7654285506_0,intersection,0.0
70c2c7ef3e410ba54a4b5e5829cb5d6e,23798118_2353013043_1282678418_0,intersection,0.0
9aaa26277b2947ccd83b69aad0bb39e7,"[1302641924, 1302641926]_1282678412_259674924_0",intersection,0.0
81a92f1448507385dc36ab06fbee4d4b,529855146_1258887678_1926765043_0,intersection,0.0
64402e6769f3a509425a89fafce46151,529855146_1258887678_1926765043_0,intersection,0.0
7aae9023202e7d4dd18eb8a6e2eb6898,529855146_1258887678_1926765043_0,intersection,0.0
35b1db5fa56496377a44b365cb97af2d,529855146_1258887678_1926765043_0,intersection,0.0
62686a314317370f2313c90c82762386,23908709_259147026_7283969649_0,intersection,0.0
28a8fbb048612bf74275ea8fc8455139,24884622_1930142785_270390883_0,intersection,0.0
bce2c6869c65e5ab6ab3e2aa1300739f,1181293886_7048215518_257883226_0,intersection,0.0
ded37f16b3c2574900cb7b05d1625db8,174889368_79416355_257554823_0,intersection,0.0
e9b277bd65d322b946b1750a7f8dd84d,1181293886_7048215518_257883226_0,intersection,0.0
c0f5eea73bb6c0952fcf3628a155d870,23892680_258974178_258974199_0,intersection,0.0
7548a9c342b9884998a8a4795ece975a,226760146_2355172624_5411563153_0,intersection,0.0
10c3f9242dd11730218216c8e05bd9b7,112900152_1282151973_3229775314_0,intersection,0.0
c39872df3def03245ce198dae3c9e301,226508125_2353036641_2353036642_0,intersection,0.0
2f5007effb403d3bfc0cfa9a0a456a2a,1302235507_7279139577_1884197286_0,intersection,0.0
2028b85c4b9a73d2ea3f7222e16e41eb,112900152_1282151973_3229775314_0,intersection,0.0
bb7650477e14f73d7161383c48b1539f,112900152_1282152354_3229775314_0,intersection,0.0
7d019de825a87536b88f854ddaf2570a,"[328984971, 334975684, 563243525, 509266935]_1281065767_5611339910_0",intersection,0.0
148fef44463bcd32f29a121a77e6a535,226508125_2353036655_2353036664_0,intersection,0.0
f658c89389ce234b6752db5eaf62cb7a,226506412_1281065767_5428353975_0,intersection,0.0
a612280e3d950f9026fd29fb9a350107,161143262_257678149_1282152213_0,intersection,0.0
b91ddb7af8dabed525fc94c9b2fc517a,1302235507_7279139577_1884197286_0,intersection,0.0
c2d5b2e56750d01b4c15a26ea0df2962,226762913_2353036641_2355248757_0,intersection,0.0
ac2be0b8c69166a920bdee85fe4ff05d,"[1302235514, 519182419, 519182421, 1302235511]_7287175505_4177870082_0",intersection,0.0
62edc7743a97fa8b0441467848c32641,"[338135282, 667620515]_3417171204_1281065693_0",intersection,0.0
17eb04b28b42699a58c4ef19bd4819ed,"[519182418, 1302235516, 1302235517, 519182422]_7290818321_7287175503_0",intersection,0.0
d3f01aa2bc2480eff4b5576ae779b946,"[210729553, 210729554, 166613175]_258975182_257554823_0",intersection,0.0
fe397a6b93cfdd42a764ac42d701069d,"[563243521, 601223275, 563243540]_5428354170_5611339912_0",intersection,0.0
6a605ad1703a6658e20ddf9b9ee7eb59,"[563243521, 601223275, 563243540]_5428354170_5611339912_0",intersection,0.0
ad7d9fa046038438cfc8da932fae6c34,"[563243521, 601223275, 563243540]_5428354170_5611339912_0",intersection,0.0
3ee2e33f5ac8ad6b28ca1f46eb7ceef3,761611925_7115774453_7115774449_0,intersection,0.0
d724aeb7e68a4e174a4c45a0eff760b1,"[601219665, 601099371]_4708546923_4177870082_0",intersection,0.0
c1520a1825a3b2d2fd2345d3f2766019,417185770_79416360_3428120825_0,intersection,0.0
4c933e51a374483b54da33ea830f4360,417185770_7290818321_79416360_0,intersection,0.0
9142a354e824461431a83dab95dcb93d,226506412_1281065693_3417083833_0,intersection,0.0
f2b367b00b8ad15412d63b15d0d6d655,1413612940_12991059013_12991059026_0,intersection,0.0
6264afa9e3c53321e5ed8f0064505ca6,23960094_5423993261_1930106432_0,intersection,0.0
b5000bf025649ef6d572b22553b9e0c0,23960094_13136103007_259752479_0,intersection,0.0
49d85053402512d1b081fc4cf934a97e,581814026_5566012576_5566012571_0,intersection,0.0
bfb027bf6f422ac49b8a016f6687ba5c,110163881_5439033434_257677223_0,intersection,0.0
25231b350b68c09878368ef1410793fd,23953923_257094447_259668206_0,intersection,0.0
a3f01803f490b54c62dcdea6d2f795ae,24040645_257677473_7051028258_0,intersection,0.0
27aed6cd450f8e3e79b862f67391beb1,"[759546123, 759546124]_3492766244_257680896_0",intersection,0.0
27016ae3549fec0241bace3d52b598cc,"[759546123, 759546124]_3492766244_257680896_0",intersection,0.0
93a4a136b8ca91e263a0d9ee87ec5a9b,782604330_7308376011_2891410177_0,intersection,0.0
2b95e1c7e8e0fcdbfc2664b3ebcca01e,"[667613816, 667613817, 198469104]_259752910_259752911_0",intersection,0.0
499b2a518eb864cfd20b8a2963c5d3f8,507792044_1855366523_1757002152_0,intersection,0.0
3af3e8bc5522eaffe88f9c3d47ea7c1e,507792044_1855370215_1855366523_0,intersection,0.0
00fcba0be6a2fb0f13e25f456a268488,507792044_1855366523_1757002152_0,intersection,0.0
201d89614d4fc98fc5b1bc102fda9a2b,162933021_9152103473_1747249489_0,intersection,0.0
bc32228d1b1c2ca805e56441dce18a3a,162933021_9152103473_1747249489_0,intersection,0.0
034cc3fdde56a9ea9e1536b981429a24,563188466_1919937351_4933637572_0,intersection,0.0
ecb35e1a43f32e68f9754bf7fca5ceac,112968783_1282668237_1282668585_0,intersection,0.0
8aae330a4c46b9f8459dc2f15538aeb7,162933021_9152103473_1747249489_0,intersection,0.0
029b010fe6eca5254a57105995f27809,1044737640_260681136_270390848_0,intersection,0.0
3e461c1442538730cd8294abb76cb685,24884624_1930142720_270390850_0,intersection,0.0
47ddef2d09fbb80a0300b2a977bf1089,1044737640_260681136_270390848_0,intersection,0.0
0a7c833cfa5e47562e875ef3d6137bbb,1044737640_260681136_270390848_0,intersection,0.0
6c2fc64d33a7eaa4c95342a081875730,24884624_1930142720_270390850_0,intersection,0.0
b1fbb2c9d17a444047275af97ae98d29,1447853724_257883236_13284311659_0,intersection,0.0
d1ce84d40a1137907421602520575e92,112900157_1282151879_1282151888_0,intersection,0.0
2640f97e9fd853895df56a448d1a3fc1,987967683_9131929107_7048230805_0,intersection,0.0
f6077c191afda8b86e3f6f5adac4be91,987967684_5442371532_9131929108_0,intersection,0.0
20c6bb657d558ddede63641e35d5b1d1,1447295795_7048215518_13279000767_0,intersection,0.0
ba11ee85840a223350e0329ff4cb04ec,514711079_3229755914_3229755907_0,intersection,0.0
f1ad6b14338fd007163cef369a1f74b9,514711079_3229755914_3229755907_0,intersection,0.0
158d69a132db4e5af42d6184b1710158,316795670_3229755927_3229755917_0,intersection,0.0
356a569b782cd141082290d1e4c76ea5,781692235_79410763_7048215736_0,intersection,0.0
50bdfff08d8af350162995bb81ec3575,897641505_7632235124_7632235125_0,intersection,0.0
e84ef1e67ac88b51be22ada10f055945,161143264_257882940_5428323886_0,intersection,0.0
3b0b6f8a2bfc7c07c1b67566929b343c,563239475_5428323886_5428323907_0,intersection,0.0
5205f14941fedd69c3d224752e071390,752913547_79434052_7265067654_0,intersection,0.0
c977d610f6d645eaedaa18d849c3232c,342247942_3492762029_3492762025_0,intersection,0.0
e1fad3663469438ac514803cbc35b5d3,"[235592850, 668185395, 668185396]_6257221468_2436559591_0",intersection,0.0
0364c90febd914471d6975e38041c74a,761945207_257680894_7119000260_0,intersection,0.0
9963887cc5b551bf00ac350602295cae,"[580706048, 580706049, 23960069]_256589551_9167180383_0",intersection,0.0
54f11d724160008dee1cc4df9e291ad8,"[761168010, 1302634868, 583267783]_79435423_256589553_0",intersection,0.0
863b1ea2beae84f84329f766c3e961ab,"[580706048, 580706049, 23960069]_256589551_9167180383_0",intersection,0.0
e69ed4737a625d2f75679b84ef51c9ea,23960052_260685541_79433142_0,intersection,0.0
503618acbee7cfcf165f8223202bc8a3,"[761930456, 1302641930, 10117515, 817836895]_2434975208_260682630_0",intersection,0.0
a3be4b03afb0d4c217409ed2641d4c88,490621535_1280164948_7637524088_0,intersection,0.0
232ebc19533fcef0ed6673f429097042,817794263_7637524088_7637524085_0,intersection,0.0
d2b8b17531f1dcc0845de5449b21adb9,"[558959129, 769605594, 9860758]_64695860_79433142_0",intersection,0.0
78da7aeb077800f216bc7eda3576eb3a,389144712_257093402_257093404_0,intersection,0.0
d8f5f98b4c26c41c5921a19ce50bc324,"[182650922, 1374132773, 1374132774]_1930113759_1930113755_0",intersection,0.0
515afa3a471bc4ca63f8320e29e3ea1e,775906978_7119000617_7118849158_0,intersection,0.0
65bb89a1d6dbb9cbca8a42b4eedf7730,389144712_7698784643_257093402_0,intersection,0.0
1663217043bd2febcd5544efda092234,23953923_257094447_259668206_0,intersection,0.0
a95162a0d6a42eec09956771b70d2f03,"[182650922, 1374132773, 1374132774]_1930113759_1930113755_0",intersection,0.0
7703bab2cc593bbe6b6e83fe425a3f58,389144712_7698784643_257093402_0,intersection,0.0
b79b13a59b3716af220b801689ec2cef,1198560023_11118341121_11118341128_0,intersection,0.0
8acdd45de52f4a15a65b4972e1c6acc9,573863421_5510245178_5510245172_0,intersection,0.0
f78a4c52cdebc105fe812136147fc872,581814026_5566012576_5566012571_0,intersection,0.0
4730a052202dce9b83b72ab3db7c71e2,562988534_1926772413_3229969779_0,intersection,0.0
4717f89c9566a0367277fcfda92a5e1f,562988537_257678374_4979460960_0,intersection,0.0
fcd7398f5667f10dabab44d6012ba5f5,581814033_5566012590_3465054310_0,intersection,0.0
7fc254264fc7de6a44f201293e04d45b,562988534_3229969837_1926772413_0,intersection,0.0
88fa549cf96342e20d124f76e96797e9,182652635_1930133831_1930133829_0,intersection,0.0
9a3174682199a7b64173b8b459208a87,23692375_13136146279_1930133821_0,intersection,0.0
71b84b5896a5c9dcd935cae1caeb8066,23692375_13136146279_1930133821_0,intersection,0.0
6182fa20b1ef7722737d94fc86e81e95,24508129_259752001_79430231_0,intersection,0.0
e7d34f4f7f107fa3599bd231083d0fe7,490621702_266525215_259752003_0,intersection,0.0
2767d8a1da545d62ae58bf670ea56829,182652623_7564727610_256554263_0,intersection,0.0
8687ed35dfa5e2cfd1f577bc2303554c,561184526_5411721040_7654981479_0,intersection,0.0
f763e6d875c920cbd6f0bb8f1eef06a1,23954288_4978871258_1926779459_0,intersection,0.0
66b2b2e91af05f93b2a6201a5e6d39ef,529855148_7654277662_2436183531_0,intersection,0.0
99c641075d4af9cc583396f73814c6f8,23954288_1926779459_257678377_0,intersection,0.0
46b7ee4364324653f0d1e3073fafd2a3,182323899_3229963340_3229963290_0,intersection,0.0
681c00ce18b41140029eed9c34190040,508584097_7654981479_4987518017_0,intersection,0.0
15695ff8b782a27f8d3b0ff5c7fe24e3,562659446_6257965272_257678383_0,intersection,0.0
683d465b69950a48a471d073b22ef919,561184526_5411721040_7654981479_0,intersection,0.0
e51102993fccb16b8ea363312dd8167c,23924995_259403572_7654713395_0,intersection,0.0
0a0eb343ed63f5eddcc41ae58625ba16,175287499_257678726_2436172328_0,intersection,0.0
c252afeaea2ddb07b44b06d33002ab7c,175287499_257678726_2436172328_0,intersection,0.0
537d80c1cb035870371b02bfc882c233,839177474_257678729_1282668581_0,intersection,0.0
da781945ca433a97f01f6a70d12fa954,330314135_5394725927_3372743725_0,intersection,0.0
de76ee05f3f66fe7149b0a1d92ceb52c,110163881_5439033434_257677223_0,intersection,0.0
935eef5792f59750767d8c7f5413c395,"[110163899, 777628854]_257677211_3496328271_0",intersection,0.0
95429aaae439b1da833afe67550311d5,110163899_270390844_256554279_0,intersection,0.0
97a1f0dca339d75e35f2fa54549e4be3,24549254_257094407_1930120526_0,intersection,0.0
3d1f889bfb616ab7e163c67731197b05,24549254_257094407_1930120526_0,intersection,0.0
eb2e4bff62bc02ff9415c6d1f887cd19,490621702_266525215_259752003_0,intersection,0.0
1779c7b125de07b0b872107ca1d2acb2,562659605_257677223_5439033454_0,intersection,0.0
768335bd19376101a4d53732f7b745ae,24508129_259752001_79430231_0,intersection,0.0
2997c6097a6ccefd3da916829a1a4db2,23781426_257677473_1930106459_0,intersection,0.0
c15056d722b0c3d1e3f54e2a197d05af,112968762_1282668355_1282668418_0,intersection,0.0
0fbf65f3e9ebe590a81a02422943917b,112968783_4971643486_1282668237_0,intersection,0.0
f41e97c9a725f9f9cc477281fea8185e,112968783_4971643486_1282668237_0,intersection,0.0
564819ad9dd7520cf5a026daa4dd2987,839177475_1282668581_257678730_0,intersection,0.0
670b3df6e0033bc6b89f1ab283008f81,507747334_4971971974_4971972011_0,intersection,0.0
daae00a71182eceb3be43b6755dde3ae,182325661_1287680874_5411721038_0,intersection,0.0
43746bee24bcb31cd41ee302ac68135b,562659446_6257965272_257678383_0,intersection,0.0
0d9beaeb8133829bafe7a3ff200572a9,1244890216_1859271726_6257029966_0,intersection,0.0
03c111f672460460be9d2d3a2836ca70,507747324_4971971950_1287680804_0,intersection,0.0
95a263a98bfee86b6cad02539cefb68a,1447926165_257678385_1287680773_0,intersection,0.0
34318bfd57d30d51e716123688d70925,1447926165_257678385_1287680773_0,intersection,0.0
8cd361b5e2c47421c73ca71957f0cd0a,562642033_1926736533_6798204315_0,intersection,0.0
a7331ba3b188c4544cbbc798ffa60d1f,820962455_4993723417_4993723419_0,intersection,0.0
1ee4ba7c3ff947578a9bf469dbcf8068,820874735_7663302717_7663302716_0,intersection,0.0
5bf303f7106bacaa06c046c0a11f33ab,754832206_7051333217_7051333218_0,intersection,0.0
87d1f04ddf233b1889aab0bda3ed1be3,181579183_7663238815_1919923568_0,intersection,0.0
6f182e4c8a871d3c68647a126d5cdfc7,"[563512736, 181393825, 561196858]_259752919_1918339031_0",intersection,0.0
226e5b40e7d9f537219e716d504f9193,780078767_7283870179_7283883790_0,intersection,0.0
5abc080d0944e17514db03e85f53922e,112968762_1282668355_1282668418_0,intersection,0.0
04e8cf431cf048ffbc397561675e7944,839177475_1282668581_257678730_0,intersection,0.0
150c9e88fffc295df1f54857a081e93b,503010368_1919937351_2436172328_0,intersection,0.0
5e3ee88ec5ecbc3d22624fddf0b89780,"[563512736, 181393825, 561196858]_259752919_1918339031_0",intersection,0.0
49c0b91b18041f2c1a019b988d31a901,112968762_1282668355_1282668418_0,intersection,0.0
02d7ca20b8fb5bcafba491a345b0834a,112968786_1282668500_1919890270_0,intersection,0.0
86fe376efa0721610f1344583bc9c1f9,23960148_1905192444_259752954_0,intersection,0.0
f859f179aa02cc5d4c5cc6c59a7400f0,23960148_1905192444_259752954_0,intersection,0.0
2e123498e65cd79cdcc127ca1edffe71,510823280_1918339005_1918338999_0,intersection,0.0
acb73f7077d01da3f2570331c721f72d,181398420_1918390932_1282668191_0,intersection,0.0
dffc67742b4f24900e373767608dca09,510823280_1918339005_1918338999_0,intersection,0.0
21e7bf71288eab23f4143405d7d39e31,"[667613816, 667613817, 198469104]_259752910_259752911_0",intersection,0.0
5b33c94f082b2da5f95e255b10b9e3ba,"[198469109, 754840383, 23960143]_259752921_259752935_0",intersection,0.0
fd9977d532a5c263b940d3a51308cd2b,"[198469109, 754840383, 23960143]_259752921_259752935_0",intersection,0.0
f39d07b26a6a774c27a803d946bc3e07,"[198469109, 754840383, 23960143]_259752921_259752935_0",intersection,0.0
d3c4b6cc8e6be9731aae2e9e25bbfa33,181407671_1918390934_1918390935_0,intersection,0.0
95606c6fc7f341c213b7300ee75e4db6,782897519_1282668508_7311131464_0,intersection,0.0
828a6fdad3ab1c07316461cf6f86668f,782897519_1282668508_7311131464_0,intersection,0.0
4de3a9a827bcbaafd532fd9b490562fd,562671172_1282668151_1282668500_0,intersection,0.0
49b13f9b5af1babc4d30277127597dc4,"[507792028, 112968781, 507792030]_7663266958_11572594424_0",intersection,0.0
d072af20b2173f82159c12bb54071f1b,112968786_1282668500_1919890270_0,intersection,0.0
4ba464f991b1983ce8e0e571a503e33f,503010370_4933637589_5424071484_0,intersection,0.0
673dc65d457237acba4378af96b4ba29,182321067_4971972011_4971971904_0,intersection,0.0
dbdb142d42e87db4b3505caa1d87497a,182321071_4971971950_4971972183_0,intersection,0.0
c68d334f909a5e539f01ef6d1fcc5b41,182321071_4971971950_4971972183_0,intersection,0.0
fe2cfecb7c2260f70550595bd54aee7a,"[334701753, 1302634881]_259147115_5428718898_0",intersection,0.0
a63cfccbac517723ff0cc67bb333f53e,174466953_2352983867_2352983865_0,intersection,0.0
c121888558e32351c5d2eb6b94688aed,174466953_2352983867_2352983865_0,intersection,0.0
168d2c8725b7629a33b16dbdc15644da,"[563243518, 334871263]_3419911925_5428350719_0",intersection,0.0
b2cfad7447c29797909cf4372d50bbb9,112900152_1282152236_1282151973_0,intersection,0.0
c57ad1b6247c7b31d133c1d37b5a2ad6,112900149_3229898632_5424049942_0,intersection,0.0
f7d09957f0d2b486a742970affccfe4d,112900149_3229898632_5424049942_0,intersection,0.0
b6be3c0f0a9f48f2f8c75a6e0eb7e025,"[1302235507, 161143262]_1282152263_257678156_0",intersection,0.0
8f1de4d070b1d49f4fac59e20a97ddbb,333964229_1282152301_1282152063_0,intersection,0.0
3e174e7bd74d909881f4b376468f1958,510883015_5379681120_9147799956_0,intersection,0.0
9440ef72a714aa9e7581544327ad3d8e,970010370_8295873745_1885366430_0,intersection,0.0
6c00696c7379bdc2849e47e3f36c5f8f,778205010_8941193651_7263000461_0,intersection,0.0
42081ba5c0ac40e89975f57a8020505a,226766470_2355248874_5461254123_0,intersection,0.0
a8195a61b8a25bb0ed609d601b903012,563214707_3493203220_257883020_0,intersection,0.0
f32f471e5f264a439a5ac115dc74a307,161137738_2353036666_2355263914_0,intersection,0.0
fa1e44258c0502cea59cf22737743b08,1181926815_1280164915_1930154708_0,intersection,0.0
cdd94510f0e2839ba67f5595ea2288ca,23798172_1731421065_257882940_0,intersection,0.0
923e69d14f0520993d8b6ec1a59516b5,340782592_5409087031_2352983867_0,intersection,0.0
0021efc5fd14a21cf053d17e1386bee2,560897300_7287230014_5413529812_0,intersection,0.0
b431f431781b1edad18cc9a3747e5914,1302235513_2207997456_7115774449_0,intersection,0.0
6907b0ca03008629bf545da082963529,340782592_5409087031_2352983867_0,intersection,0.0
e96be66f9a73483ae9eca3b77885d652,"[563243521, 601223275, 563243540]_5428354170_5611339912_0",intersection,0.0
7f022add96370d142ed6310431796074,970010370_8295873745_1885366430_0,intersection,0.0
f6525fc73646c39d0a452a25fd613b73,226508125_2353036655_2353036664_0,intersection,0.0
4e60b07fbd4fab6b129918f250756496,335526746_1281065791_3426279006_0,intersection,0.0
2857926fcbdcc4e5ad6b09332cfb09d2,335526746_1281065791_3426279006_0,intersection,0.0
c47b9ee2f11fb9c42d75823eb02d3d61,235438428_1280165020_2355248764_0,intersection,0.0
8f0490d095695a6eb0b14cb3e0cce95e,563214707_3493203220_257883020_0,intersection,0.0
07784fb07684764c44e4199a96685c10,235438428_1280165020_2355248764_0,intersection,0.0
81fb088fc4a5d008752ee76fdbb7a925,"[563243518, 334871263]_3419911925_5428350719_0",intersection,0.0
363a2f3432cdad0edcd96557112122f1,"[563243518, 334871263]_3419911925_5428350719_0",intersection,0.0
5a6c48b89ac7ee822f76752d7dd2cee1,1302634877_7611465779_7611942641_0,intersection,0.0
f2a93cfc77daa250d6a23b70a4cdd2aa,112660812_7611849602_3038437132_0,intersection,0.0
d2470fde06f09dc87f290fc07397970c,570929121_3038437240_3038437096_0,intersection,0.0
6aa3f46985e492a302d6cd44750178b4,112660812_7611849602_3038437132_0,intersection,0.0
45918f412b3cc5f921cc8181e387823b,760439804_1281065811_3426278700_0,intersection,0.0
df2783d7863cfad196a7f4b39fd724c5,"[338135282, 667620515]_3417171204_1281065693_0",intersection,0.0
65bc2b2902d1545680c61226d1e34da8,760439804_1281065811_3426278700_0,intersection,0.0
6fff556d7d54f6f341d1a30a5f851042,226506412_1281065693_3417083833_0,intersection,0.0
5ae22ea0e20d62d2ae700e583c234ea8,226506412_1281065767_5428353975_0,intersection,0.0
6fe34fff6d5c8b405c9ed6409b93df97,509266935_5461296175_3452080339_0,intersection,0.0
1777f4e67c4040606bafbb0574a1975d,509266935_5461296175_3452080339_0,intersection,0.0
7c4e9c29468a45a300066fb2e706f5ff,210729558_257676910_258974843_0,intersection,0.0
7f2b0bd9bb1c43463747310829158daa,210729558_257676910_258974843_0,intersection,0.0
89c68f1c0ef166804b6ac3ae8982f721,1447295795_7048215518_13279000767_0,intersection,0.0
74c4b6ece771eb6ce30fc419c52b46f9,226508125_2353036649_2355172623_0,intersection,0.0
0428880b31b7ca3b3410d3fea19c4fe2,226760146_2355172624_5411563153_0,intersection,0.0
d6a873e3a45d08c74d98afbef7676853,563214729_257883019_2355263942_0,intersection,0.0
ba1c0a941c2300ba2556d12e30e4550c,964481023_3229755672_7290744763_0,intersection,0.0
b52751a806086aa046c0ed0481c75864,161137738_2353036666_2355263914_0,intersection,0.0
563301d2c5fbc6521b9d2b34525c01a9,316860922_259676122_3230427811_0,intersection,0.0
ad092d85fc921d65a67a599a223ca37e,316860922_259676122_3230427811_0,intersection,0.0
bcbd723445fc0a53bc836164e6bfad67,563542594_3230310879_3230310881_0,intersection,0.0
65500a8f78a39592ebbd85054aa1aacf,581546853_3417610714_3490086432_0,intersection,0.0
fe19cf1108f279c92afc8c67fb6e13a6,563542594_3230310879_3230310881_0,intersection,0.0
cff8b5f47200eb631269d4440c432f32,"[816503432, 226844834, 565282021, 161507078]_12639060894_5444700236_0",intersection,0.0
da80c520a03ac77b198340d93f5477c1,182652635_1930133831_1930133829_0,intersection,0.0
7d21d9828be3f0008fca44269c4c77ed,182652623_5413636742_256554268_0,intersection,0.0
775a377f9451d791cfc64540d5dfea80,182652623_256554263_5413636742_0,intersection,0.0
570b8d593c6f2fc0d909f746bc882af4,23692597_256554263_256554259_0,intersection,0.0
2380b74d05e51068fe5f416fd28c7962,182652623_256552392_1930133856_0,intersection,0.0
bcec7fe250c6e8603b70183a0be5d48b,182652623_256552392_1930133856_0,intersection,0.0
0c400b4a1d5967b6b673ecb63c15cae1,1364428028_9465414927_9465414953_0,intersection,0.0
958a8f9d5363d3e197dff455597b4894,990833253_9154987425_3230310836_0,intersection,0.0
bd2df44cc8c657cbd7e38408f2dc4eea,581546853_3417610714_3490086432_0,intersection,0.0
4567154f05835fe964f9ecc73a8ee71a,565281964_12639060891_2355819719_0,intersection,0.0
4322f164794fad9dea4db22701f3bb62,565281965_12639060892_2355819727_0,intersection,0.0
a7de709ca0e925e4851ed9f637b547d7,"[334701754, 334701755, 581546853]_3417610719_5444700251_0",intersection,0.0
e993304636e76e39ff00c6663d1341e4,563575145_2087600572_2087600573_0,intersection,0.0
6c863451d3ad35f3982aba707edf8c80,"[447217768, 1304017638]_3230610082_2355778054_0",intersection,0.0
e1a3127b907f274c7430d127702d7d17,"[816503432, 226844834, 565282021, 161507078]_12639060894_5444700236_0",intersection,0.0
bbd2cd00e592ee81a56faa139758c11e,565281965_12639060892_2355819727_0,intersection,0.0
2aa9f4f909662613e7e6dc711c49cc89,563575145_5460886356_7625881445_0,intersection,0.0
d5a7ca66dd31c1d243a2b4831fe098cd,198639026_2087459610_5400892609_0,intersection,0.0
a29c6950c7d1e0b01c8cf8b281ab1c30,568070962_5466218164_5466218166_0,intersection,0.0
199d1880c0d3c9a0b99d8dd1e9a2e614,24040552_5466218159_260718587_0,intersection,0.0
003e2b369d7775928c8c14518fb550f3,24040552_5466218159_260718587_0,intersection,0.0
0da92e4b85c94db6f60eed5705c85e1b,"[329414739, 1079932348]_6485033393_3418911071_0",intersection,0.0
5781c543dff086d1d123d0a8777d7776,"[166614890, 573365659, 573371043, 166614902]_1780515439_2087459487_0",intersection,0.0
84fea8a05bb00cac2d1456a116d7fe5e,"[166614890, 573365659, 573371043, 166614902]_1780515439_2087459487_0",intersection,0.0
144618d1021764cac1f40565c0254e9c,198639026_2087459610_5400892609_0,intersection,0.0
d2baeb5220b458342f3477d6cf14b9af,198639026_2087459610_5400892609_0,intersection,0.0
c77e3485e554d48141c8425e2e95c59c,"[329414739, 1079932348]_6485033393_3418911071_0",intersection,0.0
70bb11d78bf2117855050fe061cef169,"[166614906, 582957131, 582957132]_257675919_257880537_0",intersection,0.0
1359601047dd5a41ae584b8328b89151,"[582957129, 582957130, 166614938]_257880539_1780515475_0",intersection,0.0
c20af3cf0427438ec3c2cad184cfe685,"[573856185, 573802135]_13135853966_5509904902_0",intersection,0.0
360be34dad58840e23b303fcc9eda38a,816632851_8499547789_1780515521_0,intersection,0.0
015adf847e57547071095dc5d2252899,23781311_257675898_7283969649_0,intersection,0.0
70c202f1d2e24ad3c8e60246a3bcb211,1348732758_12475932642_79768525_0,intersection,0.0
53af4551760b59a97c265b6ec87895c8,1348732758_12475932642_79768525_0,intersection,0.0
d932ca3409425b0fc4c15e5aaeb8200d,182654129_1930149602_266525261_0,intersection,0.0
a51ef607ae1c5babea69b7bdcadee94b,24508107_259670198_678338814_0,intersection,0.0
e8b4556e2e9f152c0b44f70c3dba8c40,24884622_259670196_1930142785_0,intersection,0.0
6ecacfda5a77dedda28e63926f827230,24884622_259670196_1930142785_0,intersection,0.0
dc2f6ec33cbe90c4306f6af15fe7e735,182654129_1930149602_266525261_0,intersection,0.0
681c854f1ea7ec2a538fada3b4300522,819115470_1930142737_270390848_0,intersection,0.0
88b4f164ba88c5286139ad37f622d7f6,24884648_270390850_270390848_0,intersection,0.0
1d5df23a2d1d84f63b38329396b3fd33,819115470_1930142737_270390848_0,intersection,0.0
bc71249ae45a6af6881097fca5a7a987,93790088_1731470835_257679832_0,intersection,0.0
e1b41a30b6acbdc85a3209487f450634,178007415_1280100128_1280100225_0,intersection,0.0
624774fba5cf23ab9e1706ec7b488809,334701753_1884001005_259147131_0,intersection,0.0
ee9fb31ddd9229d4be71b3253d989a38,"[1152656416, 914369511, 914369512, 565198097, 565198101, 1152656415]_257675496_257675864_0",intersection,0.0
b96e801d51bc6d97fe61595bdaccbf67,23892782_257554829_257675864_0,intersection,0.0
5ae99a6f2ac73bdd8a31f18f334caea5,477304330_257883981_257883982_0,intersection,0.0
d6db5d8c1e2d0bd282d7392dead08d4a,586561218_257883981_7262839064_0,intersection,0.0
849bf73f0295287905ca926fd43c692c,"[925176122, 925176123, 925176124]_8586141072_1733036372_1",intersection,0.0
2e7888c63209070b2ed83dda37929741,831374165_1733036334_1712489509_0,intersection,0.0
a667c999b5822fe0c40f0f99d3e9aa1a,1131105509_2352564713_257681579_0,intersection,0.0
afce453ac8b3d51a0cb7b4d098673781,161312811_1525679987_1733036332_0,intersection,0.0
2e5ad8d6a4f120952ddc95f0f41a965c,496323623_4880287519_4880287514_0,intersection,0.0
3cfaeb86e4c008cd7d8d28db738f7f49,496323624_4880287823_1733036332_0,intersection,0.0
950467e8c77a6d404c44fc7807f3fe85,496323623_4880287519_4880287514_0,intersection,0.0
32f9e82adf94ce0c311c192cb474d84a,570128040_5481732078_8586413445_0,intersection,0.0
b0dd7bda0c73519210d6b938030a0f56,925195156_8586422125_8586422124_0,intersection,0.0
3cc6c3722943fbd41d9076cc3256bc65,578721294_5544375339_5544375338_0,intersection,0.0
ea93ef6563149df84f0be6580f372f38,369946940_5182904959_257880578_0,intersection,0.0
3bf16eaae08045acf7b8aeddd71fb1b5,573785998_5509807619_5509807722_0,intersection,0.0
55b5c4c9f77c9c0e9578fb8de3bea30c,"[166614920, 23908684, 93790094, 93790064, 166614928, 93790097, 166614931, 93790073, 166614939, 166615197]_1780515475_259147026_0",intersection,0.0
2bd0eb967880fe0847ee160997c0cef5,925195156_8586422125_8586422124_0,intersection,0.0
d9e1c40903f8f3ea1c4dfb528d2d66da,"[166614920, 23908684, 93790094, 93790064, 166614928, 93790097, 166614931, 93790073, 166614939, 166615197]_1780515475_259147026_0",intersection,0.0
0663a24060a65f6a984e5db7bdf892f0,"[567244666, 882258589]_3230468627_3527431893_0",intersection,0.0
c6b778c504308860d9083502c423b3e8,567244652_84498975_5460930029_0,intersection,0.0
11a9669c591afd47c742f9c9aaf2345b,316860998_3230427713_1280100350_0,intersection,0.0
c8c248de023022d5dbe466cbb5a971f6,10212156_84498975_3230468711_0,intersection,0.0
d9eb99a1364ee88bdefe491879be9409,"[23781743, 23781742, 1057952919]_79424401_9153672030_0",intersection,0.0
37dd9c65d94c59fb9b2e56c092bd8b29,161318431_1733094441_257681327_0,intersection,0.0
e7664dee4120e577a92622eaf775b739,9873322_5463885454_1930154697_0,intersection,0.0
c58158da674cb2132970445ee43a3de3,567721268_1885366427_257681544_0,intersection,0.0
90e7f48f83c31cfd5e2e2b261ca07502,990637312_9153672030_9153672024_0,intersection,0.0
102156e54af6669567cf0a9147cbbb3f,1026662440_84500194_5430892382_0,intersection,0.0
516f53c8a6f0fa523a8e63a96b4e735b,1159299388_3464956189_84500516_0,intersection,0.0
c0071ec905a20c7e886dc2449e864a57,413784196_3589030874_7310992113_0,intersection,0.0
31726cc2485d1479fd896d43c3f088d8,"[564644776, 564581560]_7300920346_3522047680_0",intersection,0.0
4f93352702b83b1bfaea832a000d980a,413784196_3589030874_7310992113_0,intersection,0.0
a963e7b756b39a4ffe9876434ccf9897,"[298743804, 198639079]_2087459487_7051409943_0",intersection,0.0
1d4783f7ba7886ff1e2fd5fde14c1847,962889541_6822732770_9485948305_0,intersection,0.0
f861205cde1e0a104654f6a04c8df417,112768354_3230468515_79423642_0,intersection,0.0
934a4a9c1f347d3a7ee961e045903d83,335526745_5400408841_79416338_0,intersection,0.0
176b09625972cac84d39dd4dc6911ed7,782339922_79416336_3230427843_0,intersection,0.0
37fd1857d9363c509b29b4a0fcf802bc,335526745_5400408841_79416338_0,intersection,0.0
7e11a4515c64f62b53994aab60e1616a,782339922_79416336_3230427843_0,intersection,0.0
7265a34a5fcbc75bef98710eae2efc3c,"[519182418, 1302235516, 1302235517, 519182422]_7290818321_7287175503_0",intersection,0.0
ffa3dee1c5355a45777bbea6671e8d80,"[519182418, 1302235516, 1302235517, 519182422]_7290818321_7287175503_0",intersection,0.0
f86b05f0b41b4b7f60ecd41505e0d38c,"[210729553, 210729554, 166613175]_258975182_257554823_0",intersection,0.0
849c1b4992b41a65ce158ba3b8edfac3,"[519182418, 1302235516, 1302235517, 519182422]_7290818321_7287175503_0",intersection,0.0
1af363334e3984cc7e77a5377fee174a,558961820_5651008041_1885287257_0,intersection,0.0
fabbf8c1fbe86332f8808a691ac76062,519182420_9163899742_79416360_0,intersection,0.0
eedcb9baa40d817ecbcda030fe0ef109,918634391_79410759_10063034507_0,intersection,0.0
ba942f4774815c37dd4e1a8f4785fcae,"[174651512, 1098992313]_79768683_1282152286_0",intersection,0.0
6ad07a8f2f5cbe7c87ef6e0c10083b7f,805706210_258975562_1733036423_0,intersection,0.0
83fc1f3670d4443c39316abf231dd9f4,591984537_5529722966_3632371699_0,intersection,0.0
9182be5860ac149f9adcca936f96f9f0,918635800_10063034482_7048215771_0,intersection,0.0
10f6e4eb88c0612c707aceea3966c98e,1239848399_7632235125_11518663058_0,intersection,0.0
dd6d3b7503b4c6d6828e7c03ca888c36,1239848399_7632235125_11518663058_0,intersection,0.0
75708ff5c352a82c2883d70d401a819f,24263802_262696982_3632371699_0,intersection,0.0
f4fc9ff1fbdcc1982025e3f34c34424e,807464852_7550895755_6836415606_0,intersection,0.0
5889c080e4a378a19bb713119e70e1bc,1046149860_9620737543_9620737544_0,intersection,0.0
dfaa07832139bfc22ce25d0951a6c033,"[174522144, 562364577, 166614912, 93790085, 166614919, 564284818, 564284819, 93790070, 815189851, 815189852, 562364574]_257675864_257675898_0",intersection,0.0
162f2ac1390554e4048f607bbceb4490,"[174522144, 562364577, 166614912, 93790085, 166614919, 564284818, 564284819, 93790070, 815189851, 815189852, 562364574]_257675864_257675898_0",intersection,0.0
f47e355c8cff9ae7476945a933b15113,583852614_3417610697_7762264282_0,intersection,0.0
10ee69601d44a2217841b9f72581b9d1,1235378614_11467984049_11467984048_0,intersection,0.0
f3f49a63967c68a51693d872ae8252ed,112660802_5460869895_1884000983_0,intersection,0.0
b8e7ed3304866d970a4d7d19f1bea883,316860926_9594293097_5589773743_0,intersection,0.0
180720738f935b3eb44f52ac48d90e8c,1118553971_3417610697_6836925547_0,intersection,0.0
b6f0b9145987b0cd5024cdccc1b609b3,"[226848678, 565282031]_5447342803_7651129883_0",intersection,0.0
cc27a9aec1e22318af5f046fb39c90b5,93790088_1280100249_3230610161_0,intersection,0.0
c1716f683110d27caa56f5e1ffc01e6e,178007415_1280100128_1280100225_0,intersection,0.0
3b46058d1983594ea757d43d9ed24df1,23781311_257679955_3417610585_0,intersection,0.0
20be1534781e30acd4fc6546adf003db,"[1038713480, 1302634877]_3417610584_7611465764_0",intersection,0.0
20d6035d77c4032b556540d4c6d79eb8,990856741_1884000993_9155236998_0,intersection,0.0
7f9cb28b839eafd77c4dce0e665992c3,"[1046106044, 334657019, 369946012, 1046106045]_3589030850_257880588_0",intersection,0.0
73b5d205e4b1b0ef710c16d1466339ce,536455352_5196712807_7037334849_0,intersection,0.0
004270cb9123289a391f3c767a3b5a81,83299429_3417185051_257880588_0,intersection,0.0
2adeb0ef2e03f6cbd0757d7b7d842cd0,913502978_7550558964_7550558966_0,intersection,0.0
081ab2d8e71580ca640d87aa6a4c1306,913502979_5595924312_3058436443_0,intersection,0.0
b65eac9fb8373c927a84af46ac03e964,"[1046106044, 334657019, 369946012, 1046106045]_3589030850_257880588_0",intersection,0.0
d0e9f906cd1866fd0154c18b00fd015c,555147444_7550579222_5356606665_0,intersection,0.0
220dc7c1af0c7e06ffece76ba7bae8bc,578087959_5540141533_5540141410_0,intersection,0.0
a562b08857e783d7b573a8d48ca38b79,590328330_7550579225_5540141410_0,intersection,0.0
298c3f901e794271e22b715ca9e7b9e6,24263531_262694471_5356023946_0,intersection,0.0
2c6f95f423b94fb59fe6337278dc2087,24263531_5540141410_3417610735_0,intersection,0.0
424d64d02ceb0a9edc65ead089f2da4f,"[1229607248, 581872415]_5566389838_5566389856_0",intersection,0.0
c23b659087d91d1874f81fc8e7fa622b,579808188_5552103621_5552103633_0,intersection,0.0
79eb50df1c93ff10fa2d29ea1d81eaa1,578793651_5544793705_5544793707_0,intersection,0.0
830b4fb233357c63c23ffe5825e5a738,"[800611581, 800641484, 800641485]_7509792066_13136001795_0",intersection,0.0
be5c5dc235108520d6af42fcc53f7be2,"[794590832, 565817013, 794590831]_5448279814_6801155735_0",intersection,0.0
38502e0977e5144dfe84dfb39f5963c9,"[656918792, 656918817, 565824387]_4909836114_6801155735_0",intersection,0.0
4b77c31ef5d42faaa6e9b6edca18e5b9,565817006_3023833961_5448280074_0,intersection,0.0
cac1ef908b51bd0748ccbc53c0880416,"[656918784, 656918780, 565816991]_6153146526_5448280158_0",intersection,0.0
e421e05706be2811083ed9d8d28b41dc,"[794590832, 565817013, 794590831]_5448279814_6801155735_0",intersection,0.0
b25b4a72713e6e47fd9d3a8b180b990f,"[656918792, 656918817, 565824387]_4909836114_6801155735_0",intersection,0.0
6f848151e7a80101b580642f5bd6dcf1,536455352_5196712807_7037334849_0,intersection,0.0
f011de94999a8c37e6c3d783a58410bb,10212156_3230468711_3230468679_0,intersection,0.0
fa8415b8fea27bb32aab60e9185c24e4,23781786_11254206724_9465414946_0,intersection,0.0
0d490c55cb6dad6b08769cb690162fa9,1159299388_79435425_3464956189_0,intersection,0.0
6c57cd87aa3e6c6f94c14271e4e66e87,1155756131_5531786982_1930133892_0,intersection,0.0
165f19aee1fe09c4b99c3fee37334a3c,1026628835_9465394813_9465394812_0,intersection,0.0
c1590f773f1e974b652e9f7e1c1874f7,182652645_9465414956_1930133854_0,intersection,0.0
847ef55b5ebe7c8b5acb573ae02aa337,1035036958_9534356358_9534356357_0,intersection,0.0
893850621c42789a1653ec72473d2f36,316860998_3230427713_1280100350_0,intersection,0.0
993aed2f5436236dcc4b173c80bc7be5,178165616_12553393569_257681207_0,intersection,0.0
bb1a27314227a9436c32666e3a9a6241,178165616_12553393569_257681207_0,intersection,0.0
8436eda1abc68c83813fa0eb9ea909ca,"[565345017, 23781897]_257681327_257681544_0",intersection,0.0
e2310a85bdabd9b3431eb46d82c8e491,178165617_260681145_79435425_0,intersection,0.0
9e27fd2de95768d93482a3621bf58ec4,24036380_260681128_260681036_0,intersection,0.0
cb2ae252a9905677fc2089cdc187ce98,"[761168009, 174878794, 1302634869, 778452785]_7111568989_1855264084_0",intersection,0.0
984c81b01f545bcd511b4be461983bd5,178165617_260681145_79435425_0,intersection,0.0
97e83cd6ae39cabc260eed1b625b167d,"[702956497, 9860898, 761168011]_64695858_79435423_0",intersection,0.0
8108191432d1fb425d4dccf7a3390af9,1155756134_5466182933_79423649_0,intersection,0.0
976ed916632cce1da595aa1b3d101fc8,568063923_5482129772_5466183227_0,intersection,0.0
2a4755ecce245382981b8449385cf15d,1057952919_79424408_79424401_0,intersection,0.0
77cd5527291afbd5af5afded2629b624,563575145_7655613113_7655613109_0,intersection,0.0
2325b73969cdb4b8700140e23a8908c2,198653903_5377406434_257679815_0,intersection,0.0
49ea515ba735d3895171f1aa4f52b573,"[334701754, 334701755, 581546853]_3417610719_5444700251_0",intersection,0.0
a46728a2548964978a6305f8e46f80a7,"[334701754, 334701755, 581546853]_3417610719_5444700251_0",intersection,0.0
b15a0ca7e205bbc2118201a076faf43c,10212156_84498975_3230468711_0,intersection,0.0
6858278f299ae8984eb8a5b63a5760d5,1387986556_7300920352_12848662364_0,intersection,0.0
4237adece9f58083a2436abf91cb7c89,"[1302737893, 1302634870]_64695853_64695860_0",intersection,0.0
3f8eed4090f2e0d6d0fb8a9360cb03ed,"[761930456, 1302641930, 10117515, 817836895]_2434975208_260682630_0",intersection,0.0
45d6d034ae88be7ba19f541eb5723045,1181926816_257883234_257883235_0,intersection,0.0
da42ceaaeea5f61b214138145827af06,563516178_5430506481_5430506476_0,intersection,0.0
181c92955085a40f066c9d84423b5b25,761611925_7115774453_7115774449_0,intersection,0.0
b76978c28920483d5ff67bab74f4cf61,112765602_1281065546_1281065715_0,intersection,0.0
31e6fdcd3712fe9a5d081bdd09d6a20a,"[824513272, 1236148545]_257677224_5492556852_0",intersection,0.0
10e6bed93b45c00136cd56bd6495827e,23960139_3522046969_257679085_0,intersection,0.0
ba4a518f53b8c20087eeeba56f232246,777628854_12082384109_1258963736_0,intersection,0.0
202548fff72bf4d86aaf5d97931d7335,1447853727_7290191031_13284311660_0,intersection,0.0
9e19d0806e9c03134eb5dca19375aecd,25006167_257677223_5466104935_0,intersection,0.0
cf4873604c2b42dd8ac72c13f182adae,564644776_7699005292_7300920346_0,intersection,0.0
8a20e77213c9b1226bee493d3c333048,601099384_4700615496_8597435779_0,intersection,0.0
d9b1914f0b1462cdb47122408f4c8b0d,"[739465788, 23714885]_64696762_64696477_0",intersection,0.0
610b1b41a51fc6a0df04b574473373a6,1302737891_64695857_64700711_0,intersection,0.0
efe7e92461ead3ba721f5a7c46946d46,565342973_257883235_1855278392_0,intersection,0.0
40f01f0d68229310a898acb72dfc1d48,781692235_79410763_7048215736_0,intersection,0.0
e65467cf5f773465ecf65b5cb80338f3,781692235_79410763_7048215736_0,intersection,0.0
b44e151521ec4e821af4bfa0d2be1b51,23781502_79410763_79409684_0,intersection,0.0
6b1d28fbcbc37c89c619559c9bd264fd,226760146_2355172624_79409676_0,intersection,0.0
5dfd3c93ec5156167fe2528140f7e79d,226760146_2355172624_79409676_0,intersection,0.0
1b9fdd90c8ea27627bd18687fb527de6,1302737893_64695860_64695858_0,intersection,0.0
927f3067046347531d43f4f3c6c95f50,564939209_1280115427_64695857_0,intersection,0.0
47fa9bf4ceace0c1d551d11d1b5cb0df,564939209_1280115427_64695857_0,intersection,0.0
4443991fbeb1c648ad8d1812dbed040f,667371303_2434975208_83395979_0,intersection,0.0
710de6fc318662758f7a403715837ae0,"[761933025, 761933028, 110163893]_1930113759_7118849158_0",intersection,0.0
992f564bfec27ea7dbbf1bc2f2a4c012,775906976_7119000616_79761950_0,intersection,0.0
e477c36c28fb2b067612abf84123a9ca,775906977_7119000617_1280172781_0,intersection,0.0
d282999012b9c267bd9d96f596d5404a,"[761930450, 761930459, 761930455]_7119000616_79761949_0",intersection,0.0
5b49c05b010e15aeb01eded0c7020e73,"[174522144, 562364577, 166614912, 93790085, 166614919, 564284818, 564284819, 93790070, 815189851, 815189852, 562364574]_257675864_257675898_0",intersection,0.0
619120c56fd30cf64dddc5f4657832cb,"[814896282, 814896283, 814896284, 814896285]_7611849585_7611849603_0",intersection,0.0
46acf7ff3d78038e5b64f9617d1e1dbf,341725238_3488348825_3488347346_0,intersection,0.0
8ab8564105e2a1023a6b9717196ee6f2,573038101_257681573_3493568330_0,intersection,0.0
963bd9e630c07a2093bd6d6a8759c2f3,573038101_257681573_3493568330_0,intersection,0.0
30e98e42517d9bd924f237873eebbd9d,761607560_6836925376_7116089430_0,intersection,0.0
8f572b79eb6b9babb2368100258af3a1,761607560_6836925376_7116089430_0,intersection,0.0
d4fce947f7c392d5a40c34fae28a6005,417197827_4177956377_4177956378_0,intersection,0.0
9f42af35b2cd1bad7a81a5cc0d90fe74,"[1050925458, 1302235501, 1213520018]_2353006934_79416337_0",intersection,0.0
f2559dd2f6a76c18405d727487d86636,563268302_5428497770_3492787780_0,intersection,0.0
f707c08cc199a8a3edbca060c9abdcc7,898586987_5631686892_7654984009_0,intersection,0.0
5cc7587896eb5fc824c442d59db62c35,"[587381952, 589748026, 590205516]_9156958962_5631686892_0",intersection,0.0
ad4fb43b5a77706aecf3edb49d8afe79,519182417_79416341_2207997421_0,intersection,0.0
d6fdcc62c71f8186e59d688f6b639cff,562364571_5610782016_2354283280_0,intersection,0.0
5e1aca2962c92345d2a7d8d47c60a371,"[210729553, 210729554, 166613175]_258975182_257554823_0",intersection,0.0
92f002977a3856fc7a8d10c5cb6a5314,519182420_9163899742_79416360_0,intersection,0.0
2002eedbe86bc573bf7ea00dca4abc6c,"[159148578, 552032684, 552032687, 334975696, 334975695, 174324117, 831374165]_1733036396_1733036334_0",intersection,0.0
d9f9d532922edc3ec2af7aa37e6299c7,805768462_257555789_499290264_0,intersection,0.0
c495dc10dfce26510cf04ba44243245a,"[159148578, 552032684, 552032687, 334975696, 334975695, 174324117, 831374165]_1733036396_1733036334_0",intersection,0.0
480276605315d07bae7bd3bc3aa83780,588011922_5449854589_1525685164_0,intersection,0.0
eaf423e45ddc0341cda9013dbd59df9c,"[588029721, 588029722, 588029699]_5449854590_5449854589_0",intersection,0.0
5933135874802aaf26ceb7f2c0c12658,110164092_7284256421_5582052858_0,intersection,0.0
e21de7f82919de3c66953ef0cf20fa90,210729555_7287175499_2207997466_0,intersection,0.0
aa96bb3f837730e4473b3b46e0a819c6,519182417_79416341_2207997421_0,intersection,0.0
1dc5c704919411922f74a9555104683b,417197845_4177956378_4177956383_0,intersection,0.0
a0bbadd24aa8ceaa2642a99c398131d5,417197827_4177956377_4177956378_0,intersection,0.0
04e3ede4a85996f4881613b617333b58,563268302_5428497770_3492787780_0,intersection,0.0
3fd7208af4c421ec29413f2566984927,"[166585158, 161312808, 552032683, 552032688, 334975697, 334975698, 831374166, 174324119, 166585148]_1733036483_1733036382_0",intersection,0.0
719b28ed3d27fdff5bb23cab519566e2,"[778146837, 912649374, 413704303]_2641777178_8478037380_0",intersection,0.0
14104b7b87ec4f76d26d067e3ca5078c,"[778146837, 912649374, 413704303]_2641777178_8478037380_0",intersection,0.0
57d1d8f7e10f7a231ac42d386fd65add,601099389_257883989_2207997595_0,intersection,0.0
6ade6cc1e500c20be2863065239462d7,"[587451819, 1302235518]_257555773_5713831436_0",intersection,0.0
3c5a3599369bfd3ff5bd61a4db4e326a,390021554_7544583277_5665359699_0,intersection,0.0
4cb71673087a597f3eccbed94baa4d1b,"[174522144, 562364577, 166614912, 93790085, 166614919, 564284818, 564284819, 93790070, 815189851, 815189852, 562364574]_257675864_257675898_0",intersection,0.0
009646c39132e0147c960a9cc570bee2,302022399_5560818110_5560817884_0,intersection,0.0
360c7a8a6cca116bca849d45757ceeb1,580704338_5647034637_5560817863_0,intersection,0.0
8cde2169a6ba951fedf21c1f914d7c75,302022399_5560818110_5560817884_0,intersection,0.0
0ebd285872119439a6f8c3fc05366731,507049302_5626148559_6228703004_0,intersection,0.0
22c9c03ec6e3cada25bdab24f4a8c955,588838685_5623477884_5623477887_0,intersection,0.0
86bd6c3398f5f1aca86be8d702bfd5ce,559679567_5639066433_5533230778_0,intersection,0.0
c24584c0462a73c5428aebeaade8483d,1302634888_3417610740_257679850_0,intersection,0.0
90fba7169fab00aeeb39d605746369f7,"[1302634880, 334701760]_5358474379_5509786216_0",intersection,0.0
5e4601c3af14be555d93398454277351,590328330_3417610743_6836415606_0,intersection,0.0
bc54010ad6fcb0ad4cef99259fa7ef83,"[1302634888, 1302634886]_257679850_7551322559_0",intersection,0.0
716879cc8e492f7cad75c64567e24c6a,726599600_1885366430_257681546_0,intersection,0.0
f1a05351cf5a2867fe789c3b512278e5,23798237_257883579_6248755437_0,intersection,0.0
09c764fe8ee3536bc5ca19948bc5c936,778428293_1885366439_6248755437_0,intersection,0.0
ebacfacea6f072b08e09c013ac9d667e,970010371_7046165585_8295873745_0,intersection,0.0
7951c31fb5ecde5c616fd778a272f86b,334701757_5549753853_3417610744_0,intersection,0.0
d4beb84ae64c20f2f85912e37e1e6bc7,570134906_3488349728_7611849589_0,intersection,0.0
304f33e13fe7f42fa1bab69cc88d7003,807460441_7550839740_7550839753_0,intersection,0.0
95f2c96e3ea96aedf64dfd1773744e2d,570134906_3488349728_7611849589_0,intersection,0.0
93724f58193aa55f5608e052052adba0,23798237_257883579_6248755437_0,intersection,0.0
c3bef141048101c1416e6b59358b6c4b,231960390_2402816471_2402816348_0,intersection,0.0
a5f1fb90b65aa8aa090430363141f296,"[778428294, 1447061807]_6248755437_3494733316_0",intersection,0.0
0a44768480a4990ee42dca9cfe95c5ba,807464852_7550895755_6836415606_0,intersection,0.0
5836612a99c9d11af66bb0fedabca7c9,231960390_2402816471_2402816348_0,intersection,0.0
cc5156d0663174ea76c843643018b2dc,578793651_5544793705_5544793707_0,intersection,0.0
1f05cb51d6750123b039e23ebd4753bf,587829166_5948448014_5955786170_0,intersection,0.0
81b9a1570c2f01037aaf187b49046216,"[329414739, 1079932348]_6485033393_3418911071_0",intersection,0.0
5dd165ca927c5ed7d794c12a8ff71b7a,587829166_5948448014_5955786170_0,intersection,0.0
bee39694f8fb605170aa30584af7ec59,"[1304017648, 334657010, 1304017644, 1127711261]_3417185005_3417185021_0",intersection,0.0
b10655432f7490bda0b0665ffa15edbf,404877450_4071283360_3417185021_0,intersection,0.0
301cc2eb022be09f5eb892b6fd45a363,"[1182960707, 166615195, 1379627837]_1780515422_1780515475_0",intersection,0.0
1555d8dba6e35cc1ffa7565ceb74f34d,"[334657009, 1304017645]_9113345519_3417184995_0",intersection,0.0
d6afddbf50940ea435a63d5f0edb3e84,"[378132661, 725788958, 725788959]_6076530191_6280629251_0",intersection,0.0
11d350610befd56acefce55c8f94fe37,"[378132661, 725788958, 725788959]_6076530191_6280629251_0",intersection,0.0
b6df4eeba4935e3377b902fff99b75a1,646894083_6805053428_6231144634_0,intersection,0.0
1a006a7deb2200c0956c622c114b7ca0,"[925054486, 925054487]_8585208177_8585208170_0",intersection,0.0
b7be4a8440d1cd68571f20fb82c89493,670249780_6276730321_6276730311_0,intersection,0.0
3d08bdbedb4e1392d40137ae0580061e,"[925054486, 925054487]_8585208177_8585208170_0",intersection,0.0
989b415d0409aac68440553a64d852d9,324373653_6280629300_6805053418_0,intersection,0.0
a74ad5823b18945969aa16e34680e01a,"[925054490, 925054491]_8585208173_6076536274_0",intersection,0.0
b80ad46365f5bf52eaacab3c4b8705c2,646894083_6805053428_6231144634_0,intersection,0.0
07b404b767a0a941842d5237b740faab,646894851_6076537320_6231144613_0,intersection,0.0
ffecbfef09c2f4f0f6967b55ffaa2508,646892720_3311208995_6076541566_0,intersection,0.0
033567fc8a5445d5901f19982bef1d4c,646892720_3311208995_6076541566_0,intersection,0.0
ee49c2c602bbbb6c3c4e7c1eaebf00ea,"[583355921, 590695718, 592005167]_13135892603_6817043917_0",intersection,0.0
21d1cbc64d94e13e22efdf1527fbfab4,"[1428948728, 1428948729, 1428948730, 1428948731]_13135879658_13135810790_0",intersection,0.0
add8ece48e8d2ae6aafff72f0b48f5e7,"[656914804, 588639875, 588194676]_8601315496_6153121386_0",intersection,0.0
fa05dd666ebd57c1ec4ab44e36c2b02f,"[656918795, 583355916, 656918799, 656918805, 656918810]_6153146526_4909836170_0",intersection,0.0
ca5a584b213c9000f6109d69883d4e14,"[1428948728, 1428948729, 1428948730, 1428948731]_13135879658_13135810790_0",intersection,0.0
781a8bad94f7447611929e5eb4d28c7c,"[800611581, 800641484, 800641485]_7509792066_13136001795_0",intersection,0.0
1bb9636bfeeadbbfcffe4cb90609d5e3,646904155_6076613284_3645503740_0,intersection,0.0
c29cd914eeb697688a67fd1600b02dc6,751802310_3645503744_3645503741_0,intersection,0.0
95f6589b7848a8533c8cb9d23949028f,667397107_6224102482_4405679978_0,intersection,0.0
53677790d5b281036d6d96c2152a7b19,489722741_5433661646_5591677883_0,intersection,0.0
479e0e5fa67a0611e4fd56d558746a42,"[344281594, 987309652, 987309654]_9125928124_9125928127_0",intersection,0.0
ca9a442d74c1e18cc2d4c1048bf8b2a1,1473275473_5955760295_10091258771_0,intersection,0.0
fc328fd07d61785437b534af3655e6d1,"[1280540493, 573371774, 573371773]_5397732100_259677677_0",intersection,0.0
a4d18d42d2a954af491e041a400ff4a5,"[1280540493, 573371774, 573371773]_5397732100_259677677_0",intersection,0.0
cd4baf597c1eb5f9f726c809fc1c2e69,781983838_7301026034_5400386740_0,intersection,0.0
88a7a8b57e1eefe5175dfee229d814ba,561406712_5413521232_259677695_0,intersection,0.0
f2f3efb0dbec356b10e61e57b10846b4,645057429_8585675478_3645503739_0,intersection,0.0
68532c6faaeb1cceb88af7f932a3e5bc,646904155_6076613284_3645503740_0,intersection,0.0
d4647cf0eeb29eada58ced938679700e,1473275473_5955760295_10091258771_0,intersection,0.0
1cc66a18eaf45e0efc5a66228c0a7c20,496595192_4882900993_5466527243_0,intersection,0.0
82efb809f8a49cedecf5be2ac819ecc6,577038217_5532949307_259677724_0,intersection,0.0
3f7b332fdc8ec4c04e3299c0e61872e4,577038217_5532949307_259677724_0,intersection,0.0
034bf87dd0becf755c580e97a90c7945,"[590632836, 623962590]_4822321725_4822321405_0",intersection,0.0
3bc75a2b2f590e93591992714bf2983a,"[590632836, 623962590]_4822321725_4822321405_0",intersection,0.0
068702a66433ea7a8be972df11a79e7d,577038228_5532954186_444427132_0,intersection,0.0
19b52dfb0279d9cbfd14796b9bd63c6a,1352322239_444427132_5450062989_0,intersection,0.0
280c7f6198b3adbf16de5c5d635ce071,500072644_7506691571_5546892549_0,intersection,0.0
daafd7fbca5329d26535838ee48f0f1d,582752314_5572534796_5572534792_0,intersection,0.0
137a409ec2e6d1aeee9188062ddf93e3,582752314_5572534796_5572534792_0,intersection,0.0
a551cdee29f682f95be322c245ff77e6,577038228_5532954186_444427132_0,intersection,0.0
9a560c84f7ea41f9db10bc115d2e7aac,496595192_4882900993_5466527243_0,intersection,0.0
b0c1008c5ace818b25ee90c50239fa84,500072649_13135636376_13135636384_0,intersection,0.0
7f4eb62bce2658091c830edcc4cc7ccb,"[590632836, 623962590]_4822321725_4822321405_0",intersection,0.0
a5fa66a8d405243b8db7f799d0755c4e,577038216_259677755_259677752_0,intersection,0.0
db0c6f2fe1b7d02e26ada1d0af328fee,577038216_259677755_259677752_0,intersection,0.0
d38b86e2b7c1d78acc7f043771d81418,500072649_8577973891_7506691571_0,intersection,0.0
b6f24b2f7995ba5c859d59588a395615,"[590632836, 623962590]_4822321725_4822321405_0",intersection,0.0
ede05cc2ee3bfa91d1f63c41854297ad,589164857_5626160434_5626160427_0,intersection,0.0
0622fde991dc26e5463653df301dafe7,577038216_259677755_259677752_0,intersection,0.0
83e832485aad4ed8648afcc2921ccd7b,577038216_259677755_259677752_0,intersection,0.0
737b7edfff9dade39576d35a81b515ef,664966732_263358597_6224103289_0,intersection,0.0
95bc38942ceb65e9376d30dd4cda064b,664966729_6224102483_6224102484_0,intersection,0.0
405e2668208b156ff2b1fb63d551779d,665468574_6228607759_6228607749_0,intersection,0.0
32e7465c27aecbf07eb2e6206df0c7c4,667397107_6224102482_4405679978_0,intersection,0.0
2d92ef1a5e9eb547ddd57ca04e0238f3,664966729_6224102483_6224102484_0,intersection,0.0
9a066fdbce9fd2fdc1225a8830ce1dea,1166530994_444427279_5479361433_0,intersection,0.0
f7afa9b1c5dd55b8872350ee4163f788,646235695_8575325657_6072491876_0,intersection,0.0
42cd432543ff7536291efd446133db5c,923798572_13119441040_13119441046_0,intersection,0.0
75e3ff6a1df998a019575cb87dff8187,923798572_13119441040_13119441046_0,intersection,0.0
ad1271ceb61b4b964043cce8e4b53bed,360087988_534529719_3646871112_0,intersection,0.0
3fa79cf2a1930789b9e7c593a768a13b,500072649_7506691552_444427215_0,intersection,0.0
fed9158eaab926df09bb0a043ad55914,579137302_5547172666_5547172667_0,intersection,0.0
3f9aabe71eb962aa0ed1b90a27c16293,580793419_5558797986_5889649782_0,intersection,0.0
c88c08cb1cc27e795f340c39f50a12c6,390852188_6071954797_5892083306_0,intersection,0.0
bd8d817c55f590a11c60258d6f9c1b9a,240239924_2479836917_5481762726_0,intersection,0.0
5e77f9cf1efe3cc1dafa1ff9fb818770,1348734229_5547172667_2479836920_0,intersection,0.0
0bffada750bf675cdedb4267ea9289df,500072649_4912266788_7506691558_0,intersection,0.0
20464143abb8169fc84c3cfa92ca2a18,580809806_5558888860_3939921754_0,intersection,0.0
c3155c0be37642225b84c710d4b6ae60,579486750_5889586471_5891946393_0,intersection,0.0
863ba05e41e842428aecac968a752b4d,579486750_5889586471_5891946393_0,intersection,0.0
e42f51b49a98813b5c8694b5e1d16239,579486750_5889586471_5891946393_0,intersection,0.0
3cdfcb5e7e3374b22fd23b2e85b7b361,580793755_5481716584_4814832044_0,intersection,0.0
3349e59091a142b49ca454033bedf814,569813373_5610968570_5479369093_0,intersection,0.0
10cc2283807a54cdcc0b0775bc7a04c8,580793755_5481716584_4814832044_0,intersection,0.0
d50645d9bccc77209ce7565446b8c7f6,344282940_6077930980_444427279_0,intersection,0.0
b3cacef14380e04c8724d4bd753a9e54,360087985_8575198221_6072491865_0,intersection,0.0
421e5ab91380b942bf499e2cca479087,463032559_534529730_1634600199_0,intersection,0.0
806b0b2e42e3305b7e5aa533699ffdd8,360087988_534529719_3646871112_0,intersection,0.0
971597086f0176dc587e7f437e15adb3,569813373_5610968570_5479369093_0,intersection,0.0
5516268f03f0108ec6f0c60c57b5fa17,"[791602289, 923725461]_7400378253_7531376662_0",intersection,0.0
be15939de13885d196b8871d29f24b0a,579108374_5481687067_5481687074_0,intersection,0.0
5cd518945771248e0ce872a77667b058,"[561435459, 561435460, 390582327, 800670010, 800670011]_3937480280_4124938022_0",intersection,0.0
a7474d2dd2958289db77217f6dcaa60e,587453259_5634493236_1634599782_0,intersection,0.0
b7ef77c8accfe49858d85f386937c9b8,"[561435459, 561435460, 390582327, 800670010, 800670011]_3937480280_4124938022_0",intersection,0.0
8b1dfe6d516678a8c4da65901c1a210e,909475492_6062745005_6062744995_0,intersection,0.0
89dfb31f231ec132541f025af378f9db,909475492_6062745005_6062744995_0,intersection,0.0
f1e485276e8c15d5334c512b8b261a39,500077353_4912266788_13132422696_0,intersection,0.0
1305d13bc0aa6491852831482f0f5957,500077353_4912266788_13132422696_0,intersection,0.0
a4130a669b811c77462ed3595c038422,570132041_5481762726_11078232249_0,intersection,0.0
1140b92f0578411feeff398321631c40,240239924_2479836917_5481762726_0,intersection,0.0
fc948ab2f070089be35a50ec982c1de2,500072649_7506691552_444427215_0,intersection,0.0
6be7f6e3d2c4aa7a0d7bce8ca8884ad1,569168133_5474531494_5474531496_0,intersection,0.0
cfbe5aa7d99c9125927cd20b6cf5cd9b,500077370_7307629850_259677755_0,intersection,0.0
c1571518ad6db9e7de4b547fade72154,390852188_5547005918_6071954797_0,intersection,0.0
14d084a45cf1f8e76e476dd97e73f3ec,1166530994_444427279_5479361433_0,intersection,0.0
4ebec6300d077020b6a191aad5a22b0a,390852188_6071954797_5892083306_0,intersection,0.0
643fe751b9af614593d6c030182ab4f6,1348734229_5547172667_2479836920_0,intersection,0.0
2a2f62c3efc4f09c3d35c18c59ce5cc4,"[791602289, 923725461]_7400378253_7531376662_0",intersection,0.0
7d1138808dd7496be3cdcd357fdd3ea3,360087985_8575198221_6072491865_0,intersection,0.0
727b4f1e5bd9236a9c9afbb76bbb6419,791237001_3645463067_5892002136_0,intersection,0.0
f3b7469ceeccb94499f124a066914453,923796732_8575324681_5892023679_0,intersection,0.0
895f04c9697b05ed9d988488bd258938,923796732_8575324681_5892023679_0,intersection,0.0
088ef7500492085575f6d52f831a6e71,791237001_5892023676_8575324681_0,intersection,0.0
2cab52c9b18eec9b487fe9b4d2148e5e,360087986_3645463067_5892002135_0,intersection,0.0
a54e7b566098ab353d437a0a3b772e65,360087986_3645463067_5892002135_0,intersection,0.0
b1f7cee63ccc5eb67022c182c5d42b2f,623974489_5892023664_5892023663_0,intersection,0.0
f43d16400a83c5611d60c426b27fdf0e,587836913_5614853216_5558222250_0,intersection,0.0
d37429f34e1b8ad47a8e1bbf3b470b97,623972649_5892008974_5892008964_0,intersection,0.0
25f724ea80ce2a922d9a09fadd2c53fd,623972649_5892008974_5892008964_0,intersection,0.0
834335768126cbb04efc6e8e87268384,623773738_5558222250_1282633658_0,intersection,0.0
7586d54d454f20f057f8aa0e6d9a47f2,"[1176932109, 1176932110, 578353745, 578353842, 578353821]_1634600012_5542006410_0",intersection,0.0
97b38d9856002aa6eaa8beb6c74699d2,"[1176932109, 1176932110, 578353745, 578353842, 578353821]_1634600012_5542006410_0",intersection,0.0
6827db0ca28474949c99fe313f39c9d8,579157559_5547290632_5547290574_0,intersection,0.0
d6e953cdfd33ffb040cc354e16fa1bec,579157559_5547290632_5547290574_0,intersection,0.0
ab1ede6dcbf64f8528b96a42e9a76458,587836918_5572641788_5892414409_0,intersection,0.0
9701d99b98bbcccc6c26179bf423326e,577003320_1282633721_5547382039_0,intersection,0.0
4f9fc0e52bce712fa7a5072ee48cf768,587836918_5524538964_3977884027_0,intersection,0.0
ab063941bb0427e98bd4833c24be3cf2,587836918_5572641788_5892414409_0,intersection,0.0
3c2a839e71792a42ba2d5d744f476d3a,577003320_1282633721_5547382039_0,intersection,0.0
409ecb5aa1afd9618ac14fa488b8d4e2,580743499_5558691499_1634599925_0,intersection,0.0
129050a6207a8de402f241b979f0f9a9,579168902_5547382028_5547382039_0,intersection,0.0
cf1fd635c23fbb10a5f805d5f352f83d,580743499_5558691499_1634599925_0,intersection,0.0
6abc599f6e4795657c78a35249361337,1049817695_9647562108_9647562112_0,intersection,0.0
5a3b36bea9b777e59aefae6750bee4bc,1049817695_9647562108_9647562112_0,intersection,0.0
32e9bac42c7afb5f8025435d44347bcd,23953945_7119000261_3492762025_0,intersection,0.0
3ad7589ddea44e094e3c723341052a8b,9873393_79770414_79770417_0,intersection,0.0
018f2bddb57246444077bc9586ff3274,23954661_1929295505_1929295476_0,intersection,0.0
2ddedb061598f9c052760aa1d2c437f9,182323900_1926772414_5428289670_0,intersection,0.0
723128145721ad712a8d8306ca364271,756874007_3230427419_5582194809_0,intersection,0.0
949d8f1f4605a1d0ae8e9ebbd25d53d5,756874007_3230427419_5582194809_0,intersection,0.0
5e01f784957c9a7fdbfc1be502c44bc8,510033222_5379681526_4991397999_0,intersection,0.0
63f3a72ca4ac48a1e7cfc94d0f5ee7ef,"[563802053, 499747022]_1780498170_4909836095_0",intersection,0.0
23c5c3bc3882560f4ef490daeee2b6e9,166613162_1780498205_7436372084_0,intersection,0.0
ec6b5b6f226b8057baa378ac9dfaa55d,"[585655720, 585655721, 1042239158]_7428670549_6257541993_0",intersection,0.0
3d74cd7b53ff27998539b7f22f09aa72,756874007_3230427419_5582194809_0,intersection,0.0
c2c33fec4dc072675af663f47d591829,"[1001384166, 182323900, 182323902]_6257965261_1926772422_0",intersection,0.0
b02d62071211fd7c49bd615d51336a6a,"[667393179, 667393180, 23954484]_1258887678_259674914_0",intersection,0.0
394217b91c870384290e3652042916be,821304632_3229963274_7668550494_0,intersection,0.0
af0ea96a5c5697333acab69f9f19ad5b,551789282_1287666509_5482319698_0,intersection,0.0
d7bc33c2817254662b7c8dd393e5d508,576263272_1287666619_3483673723_0,intersection,0.0
9824fe52227b4c6aafec9f700fa109b3,316819467_3229963274_3229963292_0,intersection,0.0
ad4d6addadec59a834b14619ce1a39dc,583152152_5481908023_5575503982_0,intersection,0.0
ee368e2101c430cacb6728cade5e0165,964481022_7548103204_1679284992_0,intersection,0.0
768317bc6f31a4df6d5c5481c8a627be,23954588_7290724330_259677624_0,intersection,0.0
88ce46795127efa628ef61aa11a52d64,576263272_1287666619_3483673723_0,intersection,0.0
9601c73c545b0fcf579673f0f95000ee,339596457_7690737226_3468143632_0,intersection,0.0
31a616e6b0544520e8661eabf01ec6e4,"[110156000, 565824388, 166613175]_7436372084_258975182_0",intersection,0.0
6ef67f357f6142cf9a522510a80ffeab,339596457_7690737226_3468143632_0,intersection,0.0
6ea75a895d42285748ee866707f302ad,"[782903260, 782903261]_7311202230_7311202221_0",intersection,0.0
d17026cf6c980c7d223c7ee4bc3d609e,"[110156000, 565824388, 166613175]_7436372084_258975182_0",intersection,0.0
840ec5b6fbcf6fd0e7e753737b692b9e,510033222_5379681526_4991397999_0,intersection,0.0
6013ece7978821bfaaa670506a663ba6,507791123_4972299430_1634599628_0,intersection,0.0
be361b30ba691d99f064fdf6541dc17a,507791123_4972299430_1634599628_0,intersection,0.0
7486af6969c0c31115a3950c8d660fdb,"[110156000, 565824388, 166613175]_7436372084_258975182_0",intersection,0.0
f7b5421a7c36c921741c57c04a277162,507791123_4972299430_1634599628_0,intersection,0.0
2015f6cafcd4062a456daf0476aab677,585354571_5594030209_1634599667_0,intersection,0.0
491caa524909093941ca1c38221867f5,585354559_5433658720_1634599694_0,intersection,0.0
07ba485fe7cb7b68f8b16ae6f9e64903,585354571_5594030209_1634599667_0,intersection,0.0
4b668918d40d6ec0d70bd7eef3348e4f,585354559_5433658720_1634599694_0,intersection,0.0
f56392f6904323e34588c8022da2611e,340569054_5579836650_3478619509_0,intersection,0.0
00f48d73dcc5a600b72b3475c066dbf6,575476295_9648299824_4819397472_0,intersection,0.0
d11a1d9310b1fb2b4b78b2b9efc7bf47,23954646_259679489_259675101_0,intersection,0.0
984e9992752bbbf38b902e61b92defc8,"[581814024, 581814025, 316819481]_4979460967_7310836850_0",intersection,0.0
ddfdbdabf2f551511817a64e92a9dd7e,316807294_3229898599_3229898586_0,intersection,0.0
6cf6facbd2d201bc14fbec1b0b2a8ed4,316807294_3229898599_3229898586_0,intersection,0.0
6b4f7781a12469f4739b3c83709faed3,1348734232_7290724330_7290744762_0,intersection,0.0
6bc2aa9c14fe86390056cc2d737e125d,569822355_5479443013_5479443011_0,intersection,0.0
d8cbe773b6e84e3faabc9ce590dec106,1348734232_7290724330_7290744762_0,intersection,0.0
9ce0bdf48ae00cb95723b044781931be,"[166613155, 23954605, 316795635]_5025737625_5020481544_0",intersection,0.0
222b61df7a2727ca6492ca4afa8f67ac,"[166613155, 23954605, 316795635]_5025737625_5020481544_0",intersection,0.0
65086dac3c12a9cd54e0fb081a006aca,587836906_5614853152_5614853156_0,intersection,0.0
58ab4e74eb492e3a40a595ee041280d4,623974822_5892028468_5481784971_0,intersection,0.0
edc937af82ad44487f8e3305381bda60,570135909_1634600005_5477385801_0,intersection,0.0
0c751cfd18a44e357c10e8b8211dbf10,570135909_1634600005_5477385801_0,intersection,0.0
5e861a9f8ff3585e3593fc2f63ac3a63,"[803301793, 808651330, 589164709]_5626160301_7514257698_0",intersection,0.0
05f69f0b0b33fbec1f833f4b716cf763,803301794_7514257705_7514257704_0,intersection,0.0
66094ec48ad55a8903ed32c56a18bab9,583920222_5479361186_5479361433_0,intersection,0.0
5e6167f57c5b214c05f700a2fdbbb650,623974822_5892028468_5481784971_0,intersection,0.0
440dbc3a078d712919ef40cde8876462,583920222_5479361186_5479361433_0,intersection,0.0
269423814c60354465eea9c90198b6c5,583920352_5582193078_8594386050_0,intersection,0.0
18c1b25fd71886e0b19caad398595ee4,583920352_5582193078_8594386050_0,intersection,0.0
31754bdf15525bc856ee9a94c03cf871,584388927_5586173566_7290036255_0,intersection,0.0
72557519959e18c928dcbc299dc7b52a,489722741_5433661646_5591677883_0,intersection,0.0
6bd99f290283ed71e484607453b09a87,757115965_5596021578_6257926043_0,intersection,0.0
eb0dc5bac234cdf516f7d037a96b7676,585619067_6257926054_5604466792_0,intersection,0.0
c01a8901bb71d9a92309a263e24397ca,585619068_5624109832_7488628412_0,intersection,0.0
53802e5421df626fc90c3e8090184f3c,588927756_5558618731_6257926043_0,intersection,0.0
37372a2a9d8c32733272843d34c2b2f0,1130534133_9644758531_5596021531_0,intersection,0.0
36729078affce227adedcf83eaba25c8,580692782_5614853156_3713172037_0,intersection,0.0
35c22d3214f1509cf2628edec20576d0,1118301401_5614853167_4019015940_0,intersection,0.0
e224967f7f14a86644a3fffa730fa5c1,1118301401_5614853167_4019015940_0,intersection,0.0
93a365d1333eb925949806abb0f27680,"[581437913, 579449268, 579449269]_5532703379_1634600122_0",intersection,0.0
227357e0a472eeb8ede39b7b4ef240ab,"[581437913, 579449268, 579449269]_5532703379_1634600122_0",intersection,0.0
4889b94e3633d1a7d8a2deda2bb44fd3,489722741_5433661646_5591677883_0,intersection,0.0
92a896736e47ca5eb44c5b0fc93299ec,587438562_5611249327_5611249329_0,intersection,0.0
9c601b7128f41b50f09a8a8b95168fa8,416934894_5892210049_1634599782_0,intersection,0.0
c56175c5d385db0ae5df352c4b8e25d7,"[581437912, 581437913, 587453236]_5541714476_5892107302_0",intersection,0.0
cf6e029c49485c77322bd9b56cf58ce5,"[581437912, 581437913, 587453236]_5541714476_5892107302_0",intersection,0.0
ad7883bffdaedcfcb3735686213c5c0a,489722741_5433661646_5591677883_0,intersection,0.0
d994768a79f36222e89d884fd7c0d830,150561776_5471961305_5890267155_0,intersection,0.0
1709e61cc16af636c5bf139bf14a72eb,150561776_5471961305_5890267155_0,intersection,0.0
47af9b35bf42eb6d48c8ec13bfc8dedf,590632016_5466451482_5634476080_0,intersection,0.0
b21a95027f5d24e839b8d8451dd716d4,587453020_5611350187_5611350182_0,intersection,0.0
f9c47176b0df528b4f48979d903ffa6d,416934894_5892210049_1634599782_0,intersection,0.0
71abed5aeef50c9996f00a462befc452,587453020_5611350187_5611350182_0,intersection,0.0
0ca1bc79a1ad520025dd426b2941d72c,587453095_5892445502_5611350239_0,intersection,0.0
b261f0eca461db671900511d8b8052ee,587453095_5892445502_5611350239_0,intersection,0.0
b793bd3a849b0283e26d50c0a90f5c28,"[1282802416, 1282802412, 1282802415]_5466451482_5466451472_0",intersection,0.0
b62dc95a8e4bf929ff01dffeb66c39df,"[1001384166, 182323900, 182323902]_6257965261_1926772422_0",intersection,0.0
bca29d93897ed558eca4c580d00189a0,562988534_1926772420_3229969837_0,intersection,0.0
06d8aaca2805237cf2f846be57c01b8d,316819559_4979460960_3229969837_0,intersection,0.0
06bb7cdff438f5da4e110802ca4354c1,514999030_1926772420_1287666447_0,intersection,0.0
5fb242fc762b4899b58d20ed07074fdb,509266938_4985172150_4985172155_0,intersection,0.0
6a0ad43e05c85bffb2fd7a212070c73d,"[110156000, 565824388, 166613175]_7436372084_258975182_0",intersection,0.0
2399b5f28134551afc6d4535822d429d,925271411_8587102752_8587102749_0,intersection,0.0
e72e4c8e4ee7285315d32092aa925235,925271411_8587102752_8587102749_0,intersection,0.0
1f175fd1efd523a542eb80a715aa0c99,"[1302235537, 358295142]_5895238891_3632371710_0",intersection,0.0
31d0bfc90d55e872c5f2afc99e752d91,1302235536_257555807_257555805_0,intersection,0.0
22d2633bb72ce4ba0447d3ac576f0c2c,576259975_5493133738_4103388441_0,intersection,0.0
82af5a3064e04587ae82932509f41069,"[576598348, 1447344150]_13131009714_5530036201_0",intersection,0.0
4543175f847c101e3406b15d34e82dfa,"[581814044, 339487772]_1287666722_5026133321_0",intersection,0.0
9930f7666ff684f65632f71f5bafdedd,562988534_1926772421_1926772420_0,intersection,0.0
b7f778b9263d149a0076ebbf22c7735f,"[581814044, 339487772]_1287666722_5026133321_0",intersection,0.0
5fdf0b49cbee1e4430f438230d6f98df,514877739_5243931747_13197345940_0,intersection,0.0
baa42880a749a883b4683f409dba83c4,590632940_5638794349_9635279458_0,intersection,0.0
310b451fede7cb0cf20d8aa1beef350b,514877739_5243931747_13197345940_0,intersection,0.0
fc784afa745e3c52eb51fd4b0ca10788,"[1033828257, 1429162716]_3461892898_2355223980_0",intersection,0.0
3e9d60692a706970129ad15a9f75bbca,"[1001384166, 182323900, 182323902]_6257965261_1926772422_0",intersection,0.0
e3c99191268660917cd355ebea8754c7,1302235507_1282152263_7279139577_0,intersection,0.0
b0c5daef11551d61f5b7b795f2bc4611,561143310_5411426708_5414076098_0,intersection,0.0
f759c1b0d4e3a4b1766f3c2114d0c1b6,23781539_257678357_257678128_0,intersection,0.0
65bc4786b1db05fa3b9f5e8b2086c81d,780103595_257678134_257680631_0,intersection,0.0
a4b338f9f141add61919bee03c188894,562656446_257678129_257678132_0,intersection,0.0
fd2e219016801bec7928b52159a9980a,23781539_257678357_257678128_0,intersection,0.0
9b316660f83732f2e2054c5be3c94ab4,780103595_257678134_257680631_0,intersection,0.0
6fa1567cdd26dc93e3b5f2ae121cae2b,161143262_257678146_257678149_0,intersection,0.0
3e5db1ced2e8f62fcafdcb5ba249dad7,161143262_257678146_257678149_0,intersection,0.0
0f5cc9191b73c232bb7a66f000ed44c2,563234080_5428289672_257678362_0,intersection,0.0
2f15113a5bd98eb11da35531f35769a8,562656444_4986297019_3455351587_0,intersection,0.0
4146a14bc32d43ace3996e1ccbc27ae9,551789283_5512865888_257678394_0,intersection,0.0
3b2c6891950826bcb650216adc92cd9f,570156376_5481908026_5481908025_0,intersection,0.0
1689737fcba09a5a670a97c827377537,576263272_1287666619_3483673723_0,intersection,0.0
d8abb77cac970eef2494bf30735ed32e,551789282_1926772391_5512865887_0,intersection,0.0
3cd22f0d658c2505912848bf7342ca42,570156376_5481908026_5481908025_0,intersection,0.0
726e735fde22c78cada5d9eac3c259b7,1302737882_6261034262_79761974_0,intersection,0.0
6fbc49013f67480ebc1883c7197c6095,1302737888_1926772386_79761976_0,intersection,0.0
e31daebc2ed64c9c12f12abd2069e224,918635800_10063034482_7048215771_0,intersection,0.0
6b0701d293be659ebfed10e751971ce6,1098992313_1282152286_7048215702_0,intersection,0.0
7502fadda9b9af2af717d9b48f1d8d04,"[110156000, 565824388, 166613175]_7436372084_258975182_0",intersection,0.0
75bf310298a61744c8d9aee3075e6ef3,587453095_5479691255_5479691291_0,intersection,0.0
4c9b81ac949b74b2e79e3464b7d5a9a4,575476295_9648299824_4819397472_0,intersection,0.0
f4d89e84654ee94c1441175641a66ce7,581517247_5563847529_5563847525_0,intersection,0.0
766b13f6b69d85b0ea54426d772716c0,582876664_5479636266_5479636185_0,intersection,0.0
0bd610368794a9d1d785198c744bf696,"[161143472, 775906983]_5527025815_79761955_0",intersection,0.0
1fb6ebdc2d875e572a216346e030a103,"[792376396, 564579326, 564579327]_2353013043_5426215210_0",intersection,0.0
35d9229a334f9f810ff90e2da18a5e9f,"[792376396, 564579326, 564579327]_2353013043_5426215210_0",intersection,0.0
eeda562866b252b98cb39d951aecbfbd,1302737882_6261034262_79761974_0,intersection,0.0
b3c6abf426ab99273f6f2992850629a0,583914061_9154251934_7686925683_0,intersection,0.0
6d4b049dc40317b4539e19b2d3cf7c12,110163917_3485064598_2087459610_0,intersection,0.0
5d3905a05a4d9e2a6995693e52b376d2,"[345217730, 1199390557, 510479183]_11572594453_259405379_0",intersection,0.0
a2921a84ac4084e9d299fd8dee7368b5,1244890216_4993723419_1859271735_0,intersection,0.0
e203f5e2054022c28a2360f03dcd2959,"[562401808, 820898917, 1029488856]_7663237533_1859271735_0",intersection,0.0
3384c337422af39d6cc656f1d30beb29,1244890216_1859271726_6257029966_0,intersection,0.0
8796585eb4079cc16bb69eb362f6239a,1287912587_79761997_3365840896_0,intersection,0.0
524d480c2b0ddac4c7524cf9422107be,174896152_79765067_9472961162_0,intersection,0.0
a726d1161f694fd4845b27d25b24fe7e,395031636_5479330118_3979161945_0,intersection,0.0
f4f13ab9e4a41c05a1fae9aaad210606,1255450773_5332435848_79765087_0,intersection,0.0
f9fa1f6f209236ee707cdc3920a7a40b,110163917_3485064598_2087459610_0,intersection,0.0
729bf9f5cee3d763e3c1a205a60f5bf3,166614900_1780515395_1780515392_0,intersection,0.0
2e42f40495a84c1a4af00e08dfc22141,820962455_4993723417_4993723419_0,intersection,0.0
e30c429f8184f66a1a278d6aad2f1cc4,"[812741445, 304104535]_7591307093_3086244335_0",intersection,0.0
b9bc30c53e24215b798437839af4393a,"[110163912, 1182960706, 166615194]_257675919_1780515415_0",intersection,0.0
7a14934d3a5d564dfba07c12542779ca,826947484_11572594419_1732908251_0,intersection,0.0
057a86083db9d7886418818348653e75,1029488856_1859271735_79765078_0,intersection,0.0
8a136432f97a66fba0ba80f0fe979947,1302737882_6261034262_79761974_0,intersection,0.0
be6a804e81fba42fe79e1f4be96b642c,"[1302641912, 913357025, 1131069659, 298470053]_8574320257_3362956379_0",intersection,0.0
8fc57c86bea10343f768e85f48cc4346,1131069654_3365840902_5474957000_0,intersection,0.0
74e12b26a7620b58fb7d6c56fb07bd07,"[195750566, 726637382, 726637383]_2061700438_3023833995_0",intersection,0.0
77b84d730810b3f5fa1c986c199c04bd,"[195750566, 726637382, 726637383]_2061700438_3023833995_0",intersection,0.0
0da0f72b00b9e4db6c83059ca5a8a105,1302737883_1258887636_79761978_0,intersection,0.0
2fa50f0a8534dbb276d8f160374022a6,1302737882_6261034262_79761974_0,intersection,0.0
29c158252bb2d31239eacd67613031ce,1042580718_6248840379_3362956374_0,intersection,0.0
733c466d43974f513161aca1367be2a3,550567823_257677177_1780498130_0,intersection,0.0
a7178411525d796783e4bb448c485fb9,1381856066_5474957082_8574320255_0,intersection,0.0
28c73f572b7bbab30119b6b440dfef8b,195750552_257677177_79761989_0,intersection,0.0
ca317f857c8830aeb6c241ce2426453a,298470051_3410928233_3428855388_0,intersection,0.0
492ef3a697e9f7a84fe1ea97d9cd486b,23797840_2087459709_3979034685_0,intersection,0.0
a34903d6075367c62095518d8e82d2af,982797171_1258963678_2087459709_0,intersection,0.0
63ad4a9f8cb372c9fafcc63e2b6ec4db,568063722_5466182684_5466181876_0,intersection,0.0
13a299e719232e6eb9fe8f12581e2072,110163914_257880464_5466182940_0,intersection,0.0
39dabf81a710d951170be9ed1bb06a02,668178554_6257157050_6257157046_0,intersection,0.0
82ac92dcad4868561a7eb17cb8947bbe,23781715_79423649_9602472306_0,intersection,0.0
8cede364b9ff2bd3479bf602597e5160,568070981_79766400_5466218201_0,intersection,0.0
4089c1f9186b0859ee48cf2f9a96dabf,23781715_79423649_9602472306_0,intersection,0.0
b8eace5652bae0da0ec79e3fef203a8d,780435437_1258963751_79423642_0,intersection,0.0
f23741999d098a127564d8be67516d23,1155756134_84498595_5466182970_0,intersection,0.0
05d9e0eea369f19112cec65ac0a5cc59,112768339_257882120_1281134777_0,intersection,0.0
b856aebde2f064c4d37a6bce128e73d2,"[110163920, 251733786, 110163908]_1281134765_79766400_0",intersection,0.0
da40bb167f6b8d883f2e15ecafe549ac,112768317_1281134889_79765917_0,intersection,0.0
21b629724bee9104a8aa0cf418e867cf,23781715_79423649_9602472306_0,intersection,0.0
47caac827b1adfc8e50949b30d820f9f,1280362754_1281134759_1281134810_0,intersection,0.0
e85476152c7d72797f650c6a9eb11261,780435437_1258963751_79423642_0,intersection,0.0
98206093e3a6661180d9c738615170d4,1127463534_7287584991_257882108_0,intersection,0.0
90dee22e1ce791e981e05297619a8cf5,23953706_79426033_7287584992_0,intersection,0.0
68a48e3035af842efbd8aecfd99ead24,"[824513272, 1236148545]_257677224_5492556852_0",intersection,0.0
caa10e72d1763fea6c11fdea55a27263,"[994845800, 477437278, 576587263]_4707938784_2353016839_0",intersection,0.0
690b80aae4feaeab172edc0d864726ac,"[994845800, 477437278, 576587263]_4707938784_2353016839_0",intersection,0.0
28786a5c48644be357ee559f36fc364b,"[1152656416, 914369511, 914369512, 565198097, 565198101, 1152656415]_257675496_257675864_0",intersection,0.0
ca99149fe0f7afb522f5f1966aec3332,"[328984964, 562398534, 328984967]_2353016833_5409087157_0",intersection,0.0
86ae04407911ae06515f530a489931bd,"[519182424, 601219664, 1302235512]_79416355_258974199_0",intersection,0.0
1397c322c90a401fd33c80b6d92a1546,"[1152656416, 914369511, 914369512, 565198097, 565198101, 1152656415]_257675496_257675864_0",intersection,0.0
5562d2e233206d4a98a08d84efb4ff21,"[812741445, 304104535]_7591307093_3086244335_0",intersection,0.0
07c6e45acce7607a1abeea7f7bcb2556,576622108_3362956366_5512865911_0,intersection,0.0
1a6e3528d5469e4cf9ff5864e33dc610,9873393_79770414_79770417_0,intersection,0.0
d741f5ebbba4074a7e54f7670619c9a8,560882909_79761957_7308376011_0,intersection,0.0
9d3b3ec3afebb987e182f2c17c485398,23954661_1929295348_259680456_0,intersection,0.0
fc1f5978aa430676d545f2530cdc07a5,"[1302737889, 23798117]_6257275515_79770445_0",intersection,0.0
1ad2c3ef7e9d1dff34618dfc31b8732f,"[563243521, 601223275, 563243540]_5428354170_5611339912_0",intersection,0.0
dd3aaae942a3272c18e8b6e957156bfe,"[563243521, 601223275, 563243540]_5428354170_5611339912_0",intersection,0.0
f5339b1a08b345669fcfd1dc8ee068b0,"[328984971, 334975684, 563243525, 509266935]_1281065767_5611339910_0",intersection,0.0
46146003a13e2b699b24d1f5a8012fe0,839177475_1282668581_257678730_0,intersection,0.0
874dfaad27c682e5b0493cbefbbc8045,175283520_257678730_259403572_0,intersection,0.0
198663bc98ac53e6bf05db8b381d647d,564576321_7663302716_3443974774_0,intersection,0.0
9978edce3da494239c744bbd3e93d918,175287499_1919937382_257678726_0,intersection,0.0
c718ba77358764282ca8f53a14fe01db,9873393_79770414_79770417_0,intersection,0.0
3b8e1ea80b03683b9c7857b1484210b1,110155983_9568879971_1780498170_0,intersection,0.0
d41a7ac5a9ff89f0a2e17b0bed8ff001,166613162_1780498205_7436372084_0,intersection,0.0
731442fc22c5be8fb66da853835d2ac2,1302466492_257678742_1280164972_0,intersection,0.0
9ab0814fb99f2630c57f34f823cedbaf,23954397_1280164928_257678742_0,intersection,0.0
fcacc7bfaa86f2819a0a0be7afa17feb,477304330_257883981_257883982_0,intersection,0.0
98a6ff257b2cf893cd2134ccede033cc,"[166585158, 161312808, 552032683, 552032688, 334975697, 334975698, 831374166, 174324119, 166585148]_1733036483_1733036382_0",intersection,0.0
2b20b0f2f36a4d19e3e22b027a032bcb,600498072_1780315048_1733036329_0,intersection,0.0
9e9cafcacbfaa9409857333e6ce6476a,601097929_3364915186_257555789_0,intersection,0.0
e4ce61790ef01f6b8667c743c855286b,40972484_3364915186_499290264_0,intersection,0.0
333985d61b2260b7901b5429ac1b162c,588012367_3364915185_3364915184_0,intersection,0.0
b49028d116cbe930f2cde92e41993fca,"[166585158, 161312808, 552032683, 552032688, 334975697, 334975698, 831374166, 174324119, 166585148]_1733036483_1733036382_0",intersection,0.0
37e6a1a5189ca46137fa09ade0a56cbb,23892782_257554829_257675864_0,intersection,0.0
040e9f9acbd16eef3f1eb116d6bcb844,509361361_257678740_1280164848_0,intersection,0.0
9d5a384099b7fc49086739b32da052a4,1341230861_259147064_259146854_0,intersection,0.0
98d390b7b55fb32462f1c7dbedb27a0e,182321044_1926731861_1926731847_0,intersection,0.0
8fe883a31e4107f3ef95057cea4b7a5f,112669217_1280164991_1280164972_0,intersection,0.0
550bf1ac3296e151206f45c2173af533,112669193_11527300070_1280164930_0,intersection,0.0
45655d4713e48606161470605fc96002,570877189_1280164956_1280164991_0,intersection,0.0
63e2c9ba066c306825d1eb90106140e1,110163914_257880463_5460930072_0,intersection,0.0
abc3c23cb563132252f483a0081dfcb4,"[814458155, 814458157]_5444554184_7301351648_0",intersection,0.0
33321ae779c7d9ff9785c1a7c9574d72,24040534_7051157589_1281134765_0,intersection,0.0
d0d3670cb0e79551b99008274169cec5,"[166614906, 582957131, 582957132]_257675919_257880537_0",intersection,0.0
f32624b71ca17eeb72b6d41183512dcf,93790073_259147026_259147032_0,intersection,0.0
44776c0ea56b865e4ccf4affce0719ae,"[518621832, 568039581, 342881454]_3498403833_5474599191_0",intersection,0.0
cdb972443f81c71c90a96483490924bb,1446362425_7301351648_7699005292_0,intersection,0.0
56074605105f16d5e68af993aa2d4386,"[1302737889, 23798117]_6257275515_79770445_0",intersection,0.0
a78ef892d6d8d5dde946a8c0883bbaeb,112669217_1280164991_1280164972_0,intersection,0.0
fbd5f6e5d765f5e024104e08da071cb9,112669193_11527300070_1280164930_0,intersection,0.0
73f42c06616200f18968b6da299f0a1e,"[93790083, 93790070, 93790087]_257675898_259147314_0",intersection,0.0
503fb621f040ba077745eb472bfa0931,113573772_1926755324_79761964_0,intersection,0.0
916bb3ee7b1186c79d93199122d5379c,113564585_1287680783_1287680822_0,intersection,0.0
802634ea29903c052fa9231b2e0a2e87,113564583_1287680804_1287680802_0,intersection,0.0
4d55f05263acc40cc25f167c439d2128,"[1182960707, 166615195, 1379627837]_1780515422_1780515475_0",intersection,0.0
51cc09490172bfef16ed284c84acd9de,"[1182960713, 1182960699, 1182960700, 1065783861]_9787430095_6485031882_0",intersection,0.0
a3089a29e939c52f72d9ad0c55b7c3c5,"[23797872, 83299435, 83299429]_5566150546_3417185051_0",intersection,0.0
43dde92fb25eacfc49ff86308a57a4dc,"[630794595, 691561165, 691561163]_5955785980_5955786088_0",intersection,0.0
0ed83b797a5c392693525a130d0f42f2,"[83299554, 83299516, 23797862]_8586048137_3418911056_0",intersection,0.0
618a9297c00c61d16529b62c2312d900,83299554_3418911056_6065707692_0,intersection,0.0
7396a35bc9f99e5785c3c176674c2a73,587438476_7687287991_5611248841_0,intersection,0.0
af44cdc2f960fa086915b557e40f48c3,"[583355908, 756805023]_5651156484_5577194733_0",intersection,0.0
2e935a5c4701e52569f389b3d1a67fb0,591475822_5624000117_9255707979_0,intersection,0.0
346921c03a9a64ed7a3e0248bcf29621,610080558_5623899076_6261187879_0,intersection,0.0
e906cc86439db88c57826dd60930a355,725241437_6106823891_6810935384_0,intersection,0.0
06f1a414d939af7aa907cd75acfd4e92,"[298470048, 778756337, 778756338, 666593877, 666593878, 778756341, 378132666, 726637435, 726637436]_6241117045_3023833995_0",intersection,0.0
4b00c4ae27db42dfd3a990664ce42635,477713116_4710180211_4710180210_0,intersection,0.0
8670876190821b8670654820c94bc086,756200655_7062868254_7062868255_0,intersection,0.0
1183a5024b429b467fbb1520c9606b3e,576623665_9642167003_5530160351_0,intersection,0.0
03128957b46de35bb4f1cbb6f9c7e442,569916044_5513682261_5530160362_0,intersection,0.0
2e76285879b41162676c1fecf4ede5bd,583689110_79762058_5592097479_0,intersection,0.0
35811f110a15f9391e2652333e3e6fdb,"[583355906, 1302729491]_3932267844_5623962582_0",intersection,0.0
b34d3fbd9be2a83357bfc520fa6d18f9,676446685_5448279804_6260953754_0,intersection,0.0
becfc4646e733ded452bcba54c637c70,822179460_7676236115_7676757843_0,intersection,0.0
0d6e21f43253373d5c4293379d4d3031,725241437_6106823891_6810935384_0,intersection,0.0
b513e18a93f349d68cf412afcbcffe1f,195750567_6280761735_6280629188_0,intersection,0.0
9598d81fd3964b4a4306200aacdbc2f7,378132650_3023843220_3023843426_0,intersection,0.0
8d1bab82f3126e39715e5210184382c3,195750567_6280761735_6280629188_0,intersection,0.0
463fcb2a7f0daa334faeb66a82442b57,"[726637384, 726637385, 195750556]_3208875983_7488073681_0",intersection,0.0
eae33b546159015cf651f26b78f9d5eb,587438474_5611248836_5611248824_0,intersection,0.0
d013764dedceedb2c97c07ad57b4c8db,334657020_3418911046_3417185051_0,intersection,0.0
71c7df5158e2ab6b76345e9e9b3fe9ac,782305060_3417184997_7305063141_0,intersection,0.0
ae8f4eb715a8efbad0d9bb77678a6e30,569806416_5479319279_6257908616_0,intersection,0.0
ddb6709951a1642a9bbfb9b049bbeb0b,"[1182960707, 166615195, 1379627837]_1780515422_1780515475_0",intersection,0.0
a36d299c33be8fedbbc21e770bbf09c4,1090138923_4071283360_1859311208_0,intersection,0.0
26b010987b6742ac44b5bc1d6261dc58,23797862_3418911046_5194183530_0,intersection,0.0
b89ff5631916c6b6b93f13bfdec02616,807041092_5425240755_5182719754_0,intersection,0.0
b0bfedbba5a2dfb01511125e57b90f72,"[1304017648, 334657010, 1304017644, 1127711261]_3417185005_3417185021_0",intersection,0.0
56f87681879c0d163ce430d10ea7f727,569806605_5479320455_5479320450_0,intersection,0.0
1dc1f950eaf5a252f0d6bae177e21d23,378132650_3023843220_3023843426_0,intersection,0.0
e845f3e711df3fdd3f13960734b72231,298470046_6805053880_3023843220_0,intersection,0.0
c51e50fe781d7a05aad6720a7ea782ac,645057512_6064722844_3023843336_0,intersection,0.0
af19ec893194095c91d657406cad7625,1264734211_11749854894_1780515439_0,intersection,0.0
256efbb546454d3b859f2fd5c2d7eacf,"[175319002, 175319003, 175319004]_3485572669_7278676987_0",intersection,0.0
fa19de302878c0f7785d15969fd69d30,"[573371080, 1033679817, 552270825, 1033679816, 175318998]_1859271699_4994794444_0",intersection,0.0
48787f4a253ae14c33b6c3899e454660,"[573371073, 573371045, 573371048, 166614890, 573371052, 573371056, 93790099]_7278676986_7270924419_0",intersection,0.0
0ac618047ef486701668c92adeb778da,"[573371084, 573371087]_444701995_1747249560_0",intersection,0.0
b9b2a9880528277f4ddd2247ac2b1765,996239280_3023843552_9199310156_0,intersection,0.0
ae598d448978d971adea8aa0423cd790,112660810_1734855099_5428573840_0,nearest_neighbor,1.1041512659497517
cd9ca77456eed6e8afb7eaf0c914b259,9859853_79433498_271845975_0,nearest_neighbor,0.2009973840431465
95f050b947b3d9c91fc0dc11af54ef94,1268167489_79428874_7298388746_0,nearest_neighbor,1.6693399578643144
c0230b2b132a10d69ae98b4783f424f1,174884368_3372746711_79424407_0,nearest_neighbor,3.0965960022259957
3fe27427293407d2657270a609a70858,1394860502_79430618_79430619_0,nearest_neighbor,0.3728015901515556
0368600bd01029860f184da60630dab9,9860623_1930133852_1930133845_0,nearest_neighbor,0.683939528270032
eec1797ac1eb23b06ad08a022ca23b4b,9860623_1930133852_13247141623_0,nearest_neighbor,1.3375059980365784
0964f92be6d2401e0dc9af68f74a2312,24884648_262695608_258973405_0,nearest_neighbor,0.3919034944030046
01c2ff1d6932f41db70cedc1d9a58e97,564510887_1280115415_260681138_0,nearest_neighbor,1.6376845287741657
b3a1463da8fb65e96c474e1e3753f690,529855146_1926765043_1258887678_0,nearest_neighbor,3.5936388702136774
d648c98a7ec99fadd172351dfc044f61,112900149_3229898632_5424049942_0,nearest_neighbor,1.2402998772276943
405f13c304a58776ff5583b501751a54,1302235515_258975227_7115774453_0,nearest_neighbor,0.9711306078332181
191f1b7ae56459028547222468b0d552,1302235515_258973888_258975227_0,nearest_neighbor,1.2801037513373401
bc5c337d49283de15079b2bd81a5c99a,"[667393179, 667393180, 23954484]_1258887678_259674914_0",nearest_neighbor,0.968866324141511
f07379a1ae29fb60596a8a593abd21e1,507792044_1859345132_1757002153_0,nearest_neighbor,2.9457272711547513
de39699821c7145afb8ca9c15ee97078,507792044_12069174020_1757002153_0,nearest_neighbor,0.6590611621090695
70962eb7b4e6c4bbc62d3d8b2198f518,507792044_1747249548_259752911_0,nearest_neighbor,0.15732085555508757
968918071de081734e73f28ee653e7e4,507792044_1747249548_259752911_0,nearest_neighbor,0.15732085555508757
110d5917f5e0350b7f92418493060ea1,564510887_260681136_260681138_0,nearest_neighbor,1.254592389921712
e62867a0776d2ac3de7c8deee6b04026,23954078_8522962206_257680631_0,nearest_neighbor,0.6559081049720427
6c2556981887ac231176b65883f4aba4,514711079_3229755914_3229755907_0,nearest_neighbor,0.07363175066266116
da038a5aeebcff8ee14081480accfdda,"[667393179, 667393180, 23954484]_1258887678_259674914_0",nearest_neighbor,0.968866324141511
cf117ce47ad30a61f69c4f496d964a89,"[667393180, 667393179, 23954484]_259674914_1258887678_0",nearest_neighbor,1.4352004052970673
9fe346a451c7addb4453cb65330f497c,824491224_7698784638_7698784643_0,nearest_neighbor,0.291947386959202
cf2f30cfed7be736850158149f9a8949,23953945_1930113755_259668206_0,nearest_neighbor,0.1463193551858492
bd582145587488c2ebaa36a492b297ac,529855148_7654277662_2436183531_0,nearest_neighbor,1.9205633530566495
6fd58003d36d7c6bdfa2622b28a3097f,23692375_1930133821_79767257_0,nearest_neighbor,0.029707193601370745
6945837d63795c53d804ff0d3012c152,23692603_1930133827_266525227_0,nearest_neighbor,2.0771256131294797
fa6a64d449db6af8d67cbe5161332831,839177474_257678729_1282668581_0,nearest_neighbor,0.21532973908740363
5bbf37a3d197cc972e1171592e36c284,110163881_5439033434_257677223_0,nearest_neighbor,0.9709462456825408
49c4dc36fdb0a3a59e67d9788ec318cb,110163913_257094406_1930115939_0,nearest_neighbor,0.3820871705628875
8d58e38997e417e74b0a18c7623d8721,562659605_257677223_5439033454_0,nearest_neighbor,0.5158727685827399
2995ce1f1744d562f900334355d965f3,112968762_1282668355_1282668418_0,nearest_neighbor,0.042207333609101165
de58c848bcc8a557baf0772db7f6bd17,"[198469106, 198469108, 23960150]_259752924_259752954_0",nearest_neighbor,0.12915643335102767
1dec61420f053c96145f02b443703eb9,503010371_5424071483_259404129_0,nearest_neighbor,3.4561383514044994
68ae29a45d2f93d363660c0460c6b4b1,181398420_1282668191_1918390932_0,nearest_neighbor,2.810256523177106
fd13d0dacda2f04d01a73de4c8635efa,507747325_4971972036_1287680804_0,nearest_neighbor,0.4173542000280213
0410ab5ea7925e0947ded18880305335,174466953_2352983867_2352983865_0,nearest_neighbor,1.1199408038463623
362887d99bbcf1a9157be55d9c71bc02,510883015_5379681120_9147799956_0,nearest_neighbor,5.220822438055469
2bb8a6897b6c1bc511ed45052efe0353,226508125_2353036655_2353036664_0,nearest_neighbor,1.0199437708271157
fa59d7800be4534b8de1e1a5cc95dd6f,112765602_1281065715_1281065546_0,nearest_neighbor,1.4744896000922965
c05ec489d7caa13d6bf89500bfa17ec2,112765602_1281065811_3419911233_0,nearest_neighbor,1.7584173991835699
3cae2f4a735915240c9b43b2d0b07d52,226506412_3417083833_1281065693_0,nearest_neighbor,1.9168835068128804
42b16e7c0699c83ed9a0fd5b9cc410b2,226506412_1281065693_3417083833_0,nearest_neighbor,2.298484783766023
580d9d58b759700338be59e875effdb1,"[166613172, 166613174, 112765615]_4985177837_1281065638_0",nearest_neighbor,2.9055524662139876
e0d290dae46ca33cf57711b955385377,23781497_9627988863_79409676_0,nearest_neighbor,0.41308443947616746
fa8c75028f9c9435d8e5b9c86065cb58,1348734232_7290724330_7290744762_0,nearest_neighbor,3.103942444141202
054a3f2af8dcf2284e4498d9be82869a,1047831717_7290888474_7290888471_0,nearest_neighbor,1.5474513230630438
021da4dfb915ab5000c20a8c01adb052,964488957_1280100249_3230426777_0,nearest_neighbor,0.5502842555363044
2c971cc47684744ad634955be31587f3,182652623_256554280_1930133838_0,nearest_neighbor,0.5114476109878551
4b35e105ca7ed21fa9886a7f10e7015b,9859853_266525226_79417924_0,nearest_neighbor,1.2407542801811875
4ea575f2112df5d6c940754f30841188,782883863_2087459481_7310992113_0,nearest_neighbor,0.8486844961593355
287bf181cae4df8b3ecce43dc26871ad,816721546_4403683023_2355778051_0,nearest_neighbor,0.28368214837948424
5851a9a3aea777c849554e5beea4b486,24508112_1930149602_8499736255_0,nearest_neighbor,0.19772326184949346
3d1ede1889cc8c212e9f651c861f383a,24508112_1930149602_8499736255_0,nearest_neighbor,0.19772326184949346
44e9a02bb483589c82fc42b01fc885c8,507052326_8586422124_9133841295_0,nearest_neighbor,0.9656856224502897
3eeb486a530ad99e2b23e851fbe739c0,9873322_5463885454_1930154697_0,nearest_neighbor,0.9741893362217253
639327ee25eef79b47db63215facc09d,1057952919_79424408_79424401_0,nearest_neighbor,0.5165790784276337
7e6a1c603148546073b8d9b75b4417a5,1057952919_79424408_79424401_0,nearest_neighbor,0.5165790784276337
d7ba75d3f209e2d5cb8c7d93984e99c3,413784201_2069170206_4150402807_0,nearest_neighbor,4.984194455923543
1bbf9cf9214b24793504d877e29edd48,413784201_2069170206_4150402807_0,nearest_neighbor,4.984194455923543
b06142c74a2d192ae6f7001574ed3eec,601097925_3364915184_1885287257_0,nearest_neighbor,0.3230524121620082
28b5ec425a3d8e572fcf62a25200101d,"[23953992, 24040490, 562713214]_1280109829_6837136334_0",nearest_neighbor,0.010963891161464808
dd22b2aec280bfbb2dc35fc9a1af56c8,"[178007411, 178007420, 562713215]_1884000988_1884000983_0",nearest_neighbor,0.2933414194640834
cd4b725a39f140b9759d68d1c61ca5f6,1159299388_84500516_3464956189_0,nearest_neighbor,0.727018559108826
246bc02079866ba83bddb7e4ebf1989b,1159299388_84500516_3464956189_0,nearest_neighbor,0.727018559108826
7516fdd809e9ccb99870af94e2835099,1159299388_84500516_3464956189_0,nearest_neighbor,0.727018559108826
63abfaabcd9c69bc4dbea6f93a6ee64e,909853813_3023833961_5448280065_0,nearest_neighbor,0.39027747123847534
c8bed76e0c09043671a5d7c35094010e,1159299388_3464956189_84500516_0,nearest_neighbor,1.3268296854498933
c07d97bfd008f1cb02e1398f508523b3,1447853727_7290191031_13284311660_0,nearest_neighbor,1.6853207940741775
4e6b41d3dd47c9e242bc3f9ae100acfd,519182417_79416341_2207997421_0,nearest_neighbor,1.2188774580108848
5322d20a667722408f33c2b143b88ab6,"[761930456, 1302641930, 10117515, 817836895]_2434975208_260682630_0",nearest_neighbor,0.6708083548321973
c7c5204b01ffdf864b8aa1058457ce27,23798237_257883584_257883582_0,nearest_neighbor,0.9289870956879079
48119ac10ebc36cabfd7133d41cde6d4,161312820_257681577_4177956375_0,nearest_neighbor,1.8127675469904567
a7d0971588979a7ca073d8c4ea69274f,417197827_4177956380_7270970824_0,nearest_neighbor,0.5901106182647579
412c23d21c943f5a6029a04154eb1fac,1302634888_5740722895_3418910994_0,nearest_neighbor,0.06751688907605591
bb02995499fc00a8207b5bf6102c4833,"[174522144, 562364577, 166614912, 93790085, 166614919, 564284818, 564284819, 93790070, 815189851, 815189852, 562364574]_257675864_257675898_0",nearest_neighbor,0.2398644908578803
908fa99b00412de9a582e36bca2f4370,655856136_6228607759_6228607821_0,nearest_neighbor,0.25133476963445545
e806735601881069967188f21340f099,646893765_7278953550_6231115860_0,nearest_neighbor,1.069030557378063
3b0b1595133c85aa44c1e80f04f02452,24400259_6224103287_4405679978_0,nearest_neighbor,1.2901626589949204
dab5fae80d971b33d5177504687401b0,"[590632836, 623962590]_4822321725_4822321405_0",nearest_neighbor,2.617035226274047
9520776261d456fc2f8e6481b43b28e7,1049817695_9647562108_9647562112_0,nearest_neighbor,1.0252562292707554
9c5103839716c5037c1eed964a60029b,623694411_2479836920_5892083301_0,nearest_neighbor,4.899194439553625
8a073cebc04c157dc0109e60af4a1e2e,579108374_5481687074_5890368041_0,nearest_neighbor,1.3105035382238344
7e61e69cf3a0d1543dab370b94fd4178,579108374_5610968570_4814832084_0,nearest_neighbor,0.8513778459984371
3e2bbeab6518c5a17134197fe6368372,577003320_5547382039_1282633721_0,nearest_neighbor,0.11975521758634702
0a3400aab428be010ec40ad02374bd72,"[529855141, 558679054, 514753999]_259680444_7654285531_0",nearest_neighbor,0.812404653963382
ad66bb0ecae25ccef6d33202e06099d8,113563219_1287666729_7691536772_0,nearest_neighbor,1.8557765210710666
32b114ce59ae54197f043da98853ca61,"[580793746, 570135909]_5479269041_1634600005_0",nearest_neighbor,0.6755672817115953
5077fb169ed7ac35a9e38887f8e8cc2d,"[580793746, 570135909]_5479269041_1634600005_0",nearest_neighbor,0.6755672817115953
1d3e656621c4667a8a6079c0d6840b66,1352322241_1634599883_5611350146_0,nearest_neighbor,0.31474893163570583
5464a6eb8d7b44ca5400d5f67ae5c974,1352322241_1634599883_5611350146_0,nearest_neighbor,0.31474893163570583
f73f1c74eb1eeb6916240d351751e90a,113563225_8587110503_2479844957_0,nearest_neighbor,2.100448143126443
6d822d47ffdf86e8c60bddd9dde025ab,1267625349_79770418_79770445_0,nearest_neighbor,1.7211928479600829
c8e27ce6ae72e8bbef73614ab6430105,113563225_8587110503_2479844957_0,nearest_neighbor,2.100448143126443
f840fbf566b0658538e71c25e66806e1,551789283_5482319699_1926731901_0,nearest_neighbor,0.024240568309758827
8ae44d3150648ce282dd7c3f66926687,113563225_5379681526_5561494037_0,nearest_neighbor,1.6009072964816986
4642d228694a603401e740b08cca4e48,"[573371080, 1033679817, 552270825, 1033679816, 175318998]_1859271699_4994794444_0",nearest_neighbor,1.4413536670250844
b614400ac98570ae1709d566856e3592,"[166614890, 573365659, 573371043, 166614902]_1780515439_2087459487_0",nearest_neighbor,0.6127941925353041
8b4b89c2f5e6b003a705575838e1db52,298470044_3023843201_3023843376_0,nearest_neighbor,3.1852327582548705
60f5e5314bad044841cb58648b3c65e1,"[298470049, 726637381, 778756339, 778756340, 778756342, 666593879, 666593880, 726637433, 726637434, 475275579, 298470045]_3208875983_6106823904_0",nearest_neighbor,1.0669361670238418
9be43c998414e0c246ad319dd83eb67f,23781715_79423649_9602472306_0,nearest_neighbor,0.33062259745888206
8697ce79eacfc5dff14f86f76a933f6b,824513271_7699005295_7699005290_0,nearest_neighbor,0.9480134629874291
4627738d6f8b91159769a8b21c04b663,550567826_258974925_258974989_0,nearest_neighbor,0.529801656890442
0773ed77a107bc7eee5aea06e693a074,"[23797872, 83299435, 83299429]_5566150546_3417185051_0",nearest_neighbor,0.9775913429836385
177b6639e5e3dbaf4b8f0344f1dd0797,"[1033679818, 93790091, 23954427]_3450212159_444701995_0",nearest_neighbor,1.0950128627165676
51bf919660f5556f4a51a1ed6d4b3484,SYNTHETIC_9000000000,synthetic,
32ad0063301871da31c66a9f3738fd1e,SYNTHETIC_9000000001,synthetic,
